category,recipient,ordered,designation,description,year ordered, year delivered,delivered,comments
,Afghanistan,26,Cessna-208 Caravan,Light transport ac,3-Jul,2011-2012,-26,Part of $88 m deal; probably aid; Cessna-208B version
,Angola,-1,Citation-1,Light transport ac,-2015,2017,1,Second-hand; modified before delivery to MP aircraft in Israel
,Chile,6,S-70/UH-60L,Helicopter,2016,2018,6,$180 m deal; S-70i or MH-60M version; from Polish production line
,Montenegro,3,Bell-412,Helicopter,2018,2018,3,$37 m deal; from Canadian production line; incl 1 Bell-412EP and 2 Bell-412EPi version; incl for civilian use
,Philippines,4,OV-10 Bronco,Ground attack ac,2018,Second-hand; 2 OV-10A and 2 OV-10G+ version; probably aid; delivery planned 2019,,
,Australia,4,Boeing-737 AEW&C,AEW&C aircraft,2000,2009-2010,4,Part of AUD3.8 b ($2.5-3.5 b) 'Wedgetail' programme or 'Project Air-5077 Phase-3' (incl production of components and assembly of 2 in Australia); Australian designation A-30
,,2,Boeing-737 AEW&C,AEW&C aircraft,2004,2011-2012,2,AUD326 m ($224 m) deal (part of AUD3.8 b ($2.5-3.5 b) 'Wedgetail' programme or 'Project Air-5077 Phase-3'; incl production of components and assembly in Australia); Australian designation A-30
,,72,F-35A Lightning-2,FGA aircraft,-2009,2014-2019,-20,AUD16 b ($13.5 b) 'Project Air-6000' (incl production of components in Australia)
,,12,P-8A Poseidon,ASW aircraft,2014,2016-2019,12,Incl production of components in Australia
,Canada,28,H-92 Superhawk,ASW helicopter,26-Jun,2015-2019,-18,CAD3.2 b 'MHP' programme (incl infrastructure; additional CAD5.8 b for support until 2028; offsets incl production of components and assembly in Canada); Canadian designation CH-148 Cyclone; delivery planned 2015-2021
,,17,C-130J-30 Hercules,Transport aircraft,-2008,2010-2012,17,$1.4 b 'FSAP' programme (offsets 100% incl production of components in Canada); Canadian designation CC-130J
,Chile,6,T-35 Pillan,Trainer aircraft,-2011,2013,-6,
,Denmark,27,F-35A Lightning-2,FGA aircraft,2018,DKK16.4 b ($2.6 b) deal; incl production of components in Denmark,,
,Finland,64,F/A-18C Hornet,FGA aircraft,1992,1995-2000,-64,$3 b deal (offsets 100% incl assembly/production of 57 in Finland); incl 7 F/A-18D; Finnish designation F-18C/D
,France,1,E-2C Hawkeye,AEW&C aircraft,1999,2004,1,Part of $894 m deal ($440 m offsets incl French production of components)
,India,8,P-8A Poseidon,ASW aircraft,1-Jul,2012-2015,8,$2 b deal (offsets 30% incl production of components in India); P-8I version
,,6,C-130J-30 Hercules,Transport aircraft,2013,2017,6,Probably $1.1 b deal (30% offsets including production in India of components for all future C-130J); for special forces
,,22,AH-64E Apache Guardian,Combat helicopter,2015,2019,12,$1.2-1.4 b deal (incl production of components in India; part of $2.4 b deal); delivery planned 2019-2020
,,4,P-8A Poseidon,ASW aircraft,2016,$1 b deal; delivery planned 2020-2021,,
,,6,AH-64E Apache Guardian,Combat helicopter,-2017,$800 m deal; incl production of components in India; selected 2017 but not yet ordered end-2019,,
,Israel,50,F-16I,FGA aircraft,1999,2004-2006,50,$2.5 b 'Peace Marble-5 Phase-1' deal (financed by US 'FMF' aid; offsets 25% incl production of components in Israel); Israeli designation Suefa
,,52,F-16I,FGA aircraft,2001,2006-2009,-52,$2 b 'Peace Marble-5 Phase-2' deal (incl $1.3 b for aircraft and $300 m for engines; offsets $800 m incl production of components in Israel); Israeli designation Suefa
,,19,F-35A Lightning-2,FGA aircraft,2010,2016-2019,19,$2.7 b deal (incl production of components in Israel); F-35I version
,,14,F-35A Lightning-2,FGA aircraft,2015,2019,-2,$2.8 b deal (incl production of components in Israel); F-35I version; delivery planned 2019-2021
,,17,F-35A Lightning-2,FGA aircraft,2017,F-35I version; incl production of components in Israel; delivery planned by 2027,,
,Italy,-34,Bell-412,Helicopter,1980,1983-2007,-34,AB-412SP/HP/EP and AB-412 Griffon version; incl 10 for coast guard
,,4,KC-767 GTTA,Tanker/transport ac,2002,2011-2012,4,$619 m deal (offsets up to $1.1 b incl assembly of 3 in Italy); option on 2 more
,,-60,F-35A Lightning-2,FGA aircraft,-2006,2015-2019,-11,Part of EUR7.5 b deal (incl assembly and production of components in Italy); 60 planned (originally 69 planned but reduced for financial reasons)
,,-30,F-35B Lightning-2,FGA aircraft,-2006,2018-2019,-2,Part of EUR7.5b deal (incl assembly and production of components in Italy); incl for use on aircraft carriers; 30 planned of which 11 agreed by end-2016 (originally 62 planned but reduced for financial reasons)
,,16,CH-47F Chinook,Transport helicopter,2009,2014-2018,-16,EUR900 m ($1.2 b) deal; incl production of components and assembly in Italy); ICH-47F version; option on 4 more
,,2,G-550 AEW,AEW&C aircraft,2012,2016-2018,2,$750 m deal (incl AEW system from Israel and $41 m for production of components in Italy); ordered via Israel (offsets for Israeli order of M-346 trainer aircraft); Italian designation E-550A
,Japan,210,Hughes-500D/MD,Light helicopter,1977,1978-2001,-210,OH-6D and OH-6DA armed version; incl for training
,,89,AH-1S Cobra,Combat helicopter,1982,1984-2000,-89,
,,-104,CH-47D Chinook,Transport helicopter,1984,1986-2017,-104,CH-47J and CH-47JA version; incl production in Japan
,,103,S-70B/SH-60B Seahawk,ASW helicopter,1988,1991-2005,-103,SH-60J version
,,-67,S-70/UH-60L,Helicopter,1988,1990-2013,-67,UH-60J (S-70A-12) version
,,21,BAe-125-800,Light transport ac,1995,1998-2010,21,'H-X' programme; RH-800 or Hawker-800 version; modified in Japan for SAR; Japanese designation U-125A
,,-80,S-70/UH-60L,Helicopter,1995,1998-2018,-40,$2.7 b deal; UH-60JA version
,,-74,S-70B/SH-60B Seahawk,ASW helicopter,1997,2005-2019,-61,SH-60K version
,,-13,AH-64D Apache,Combat helicopter,2001,2006-2016,-13,'AH-X' programme; AH-64DJP version; most assembled in Japan; original plan for up to 62 reduced to 13 for financial reasons
,,-40,S-70/UH-60L,Helicopter,-2010,2013-2018,-14,JPY190 b ($2.3 b) programme; UH-60J version; for SAR
,,-150,Bell-412,Helicopter,2015,JPY193 b ($1.6 b) 'UH-X' programme; Bell-412EPI version; produced in Japan; delivery planned from 2021,,
,,-6,KC-46A Pegasus,Tanker/transport aircraft,2017,Selected 2015 and 2019 but only 2 ordered by end-2019 (incl production of components in Japan); delivery planned from 2020,,
,Netherlands,37,F-35A Lightning-2,FGA aircraft,30-Jun,2012-2019,-10,Incl production of components in Netherlands and 29 from Italian production line; delivery planned 2014-2023
,Norway,-52,F-35A Lightning-2,FGA aircraft,-2008,2015-2019,-22,NOK63 b deal ($11.2 b; incl production of components in Norway); delivery planned 2015-2024
,Peru,1,BD-4,Light aircraft,-2009,2009,-1,BD-4C (BD-4LSA) version; for training; Peruvian designation Kuntur
,Philippines,2,Bell-205/UH-1 Huey-2,Helicopter,1997,2005,-2,Philippine UH-1H rebuilt to Huey-2; assembled from kits in Philippines
,Poland,48,F-16C Block-50/52,FGA aircraft,25-Jun,2006-2008,-48,$3.5 b 'Peace Sky-1' deal ($4.7 b incl interest; offsets $6 b incl production of components in Poland); F-16 Block-52M+ version; incl 12 F-16D version; Polish designation Jastrzab
,,4,S-70/UH-60L,Helicopter,2019,2019,4,PLZ683 m ($159-177 m) deal (incl production in Poland); S-70i version
,South Korea,120,F-16C Block-50/52,FGA aircraft,1991,1994-2001,-120,$2.5-5.2 b 'Peace Bridge-2' or 'Korean Fighter Programme' (KFP) deal (incl production of components for all 120 and 36 assembled from kits and 72 produced in South Korea; up to 51% value produced in South Korea); F-16 Block-52 version; incl some F-16D; South Korean designation KF-16
,,20,F-16C Block-50/52,FGA aircraft,2000,2003-2004,-20,$663 m 'Korean Fighter Programme-2' (KFP-2) deal (78% value produced in South Korea); F-16 Block-52 version; incl 5 F-16D; for use as reconnaissance aircraft; South Korean designation KF-16
,,40,F-15E Strike Eagle,FGA aircraft,2002,2005-2008,-40,$4.2 b 'F-X' programme (offsets 65-83% incl production of components for 32 F-15K and all production of AH-64 combat helicopter fuselages in South Korea); F-15K Slam Eagle version
,,4,Boeing-737 AEW&C,AEW&C aircraft,2006,2011-2012,4,$1.6-1.7 b 'E-X' or 'Peace Eye' programme (incl assembly of 3 in South Korea)
,,21,F-15E Strike Eagle,FGA aircraft,2008,2010-2012,21,$2.3 b 'Next Fighter-2' deal; F-15K Slam Eagle version
,,4,RQ-4A Global Hawk,UAV,2014,2019,-1,$657 m deal (incl production of components in South Korea); RQ-4B Block-30 version
,Turkey,4,Boeing-737 AEW&C,AEW&C aircraft,24-Jun,2014-2015,4,$1 b 'Peace Eagle' programme ($500-930 m offsets incl production of components and assembly of 3 in Turkey; originally $1.5 b but reduced with $500 m penalties for delayed delivery from 2007 to 2014-2015); option on 2 more
,,30,F-16C Block-50/52,FGA aircraft,2007,2011-2012,-30,$1.8 b 'Peace Onyx-4' deal; F-16C Block-50+ version; incl 16 F-16D
,,-2,F-35A Lightning-2,FGA aircraft,-2014,2018,-2,$11-16 b deal (incl production of components in Turkey to 50% of value of deal); originally up to 100 planned of which 30 ordered by 2018; delivery originally planned 2018-2030 but deliveries suspended indefinitely in 2019; fate of first 2 delivered in 2018 for training in USA unclear
,,69,S-70/UH-60L,Helicopter,2014,$3.5 b 'H-27' of 'TUHP 'programme (incl 40 more for police and other government agencies); T-70i version; produced in Turkey; delivery planned from 2021,,
,United Kingdom,67,AH-64D Apache,Combat helicopter,1996,2000-2004,-67,$2.8-3.95 b deal (offsets 100% incl assembly and production of components in UK); WAH-64D Apache AH-1 version
,,-138,F-35B Lightning-2,FGA aircraft,-2006,2012-2019,-18,'FCJA' or 'JCA' programme; incl production of components in UK
,,14,CH-47F Chinook,Transport helicopter,2011,2014-2015,14,GBP1 b ($1.6 b) 'FRC Land Lift (Heavy)' programme (incl 5 years support; offsets incl production of components in UK); UK designation Chinook HC-6
,,-50,AH-64E Apache Guardian,Combat helicopter,2016,Incl production of components in UK and components from deleted UK WAH-64D helicopters; delivery planned 2020-2030,,
,,5,Boeing-737 AEW&C,AEW&C aircraft,2019,GBP1.5 b ($2 b) deal; incl production of components in UK,,
,Afghanistan,6,Cessna-180 Skywagon,Light aircraft,3-Jul,2011,-6,Part of $88 m deal; Cessna-182T version; for training
,,6,MD-500E,Light helicopter,2011,2011,6,$17-20 m aid; MD-530F version; incl for training (but armed 2015)
,,4,C-130H Hercules,Transport aircraft,-2012,2013-2015,4,Second-hand; aid
,,12,MD-500E,Light helicopter,2014,2015,12,Armed MD-530F version
,,12,MD-500E,Light helicopter,-2015,2016,12,Armed MD-530F version
,,65,ScanEagle,UAV,2015,2016-2018,-65,$71 m deal
,,53,S-70/UH-60A,Helicopter,2016,2017-2019,-53,Second-hand but modernized to UH-60A+ before delivery; aid
,,30,MD-500E,Light helicopter,2017,2018-2019,30,Armed MD-530F version; Afghan designation Jengi
,,106,S-70/UH-60A,Helicopter,2017,2019,-2,Second-hand but modernized to UH-60A+ before delivery; aid; delivery planned 2019-2022
,,-8,Cessna-208 Caravan,Light transport ac,2018,2018-2019,-8,$86 m deal; aid; armed Cessna-208B version
,,CH-47D Chinook,Transport helicopter,-2019,Probably second-hand; probably selected but not yet ordered by end-2019,,,
,,12,MD-500E,Light helicopter,2019,Armed MD-530F version; Afghan designation Jengi,,
,Albania,3,S-70/UH-60L,Helicopter,2019,Second-hand; aid,,
,Algeria,6,Beech-1900/C-12J,Light transport ac,2000,2001,-6,
,,6,Beech-1900D MMSA,AGS aircraft,2000,2001-2002,-6,$196-206 m deal; incl for SIGINT and use against GIA rebels
,,-3,Bell-412,Helicopter,-2001,2002,-3,Bell-412EP version; from Canadian production line
,,8,King Air,Light transport ac,-2009,2010-2011,-8,Incl 2 King Air C-90 and 6 King Air-300 or King Air-350 version
,,3,G-550 ISR,AEW&C aircraft,2015,$1.1 b deal; delivery delayed due to technical problems,,
,Angola,6,Cessna-172/T-41,Trainer/light ac,-2012,2013,6,Cessna-172R version
,Argentina,25,Bell-205/UH-1H,Helicopter,-1992,1992-2001,-25,Second-hand; aid
,,36,A-4AR Skyhawk,FGA aircraft,1994,1997-2000,-36,Second-hand A-4M/OA-4M and TA-4F versions modernized to 32 A-4AR and 4 TA-4AR versions (incl 8 modernized in USA and 28 in Argentina with US components); $208-282 m deal
,,16,Bell-205/UH-1H,Helicopter,1996,1997-2000,16,Second-hand; aid
,,2,Model-300,Light helicopter,-2001,2001,2,Schweizer-300C version; for Coast Guard
,,1,SA-315B Lama,Light helicopter,2001,2001,1,Second-hand; incl for SAR
,,9,Bell-205/UH-1 Huey-2,Helicopter,2004,2005-2008,-9,Argentinian UH-1H rebuilt to Huey-2; incl 8 assembled in Argentina
,,-5,Bell-205/UH-1H,Helicopter,-2006,2007,5,Second-hand; 1 more for spares only
,,-11,Bell-205/UH-1 Huey-2,Helicopter,-2006,2010-2019,-7,Argentinian UH-1H rebuilt to Huey-2; assembled in Argentina (possibly incl production of components in Argentina)
,,4,S-61/H-3A Sea King,Transport helicopter,2007,2008-2009,4,Second-hand; $18-22 m deal; modernized before delivery; UH-3H version; 2 more for spares only
,,5,Bell-206/OH-58,Light helicopter,2009,2011-2012,5,Bell-206B3 version; for training
,,1,Bell-412,Helicopter,-2011,2013,1,Bell-412EP version; from Canadian production line
,,1,Bell-412,Helicopter,2014,2015,1,Part of $17 m deal; Bell-412EP version from Canadian production line
,,1,Bell-412,Helicopter,2014,2015,1,Second-hand; part of $17 m deal; Bell-412EP version
,,1,PA-28 Cherokee,Light aircraft,-2014,2015,1,
,,2,C-212,Transport aircraft,2015,2015,-2,Second-hand; C-212-200 version
,,2,Cessna-208 Caravan,Light transport ac,2015,2015,2,Cessna-208B version
,,1,Citation-2,Light transport ac,2015,2015,1,Second-hand
,,2,Cessna-208 Caravan,Light transport ac,-2016,2016,2,Cessna-208B version
,,4,Bell-412,Helicopter,-2017,2017,4,Bell-412EP version; from Canadian production line
,,12,PC-9,Trainer aircraft,2017,2017-2019,12,T-6C+ armed version
,,-2,Cessna-208 Caravan,Light transport ac,-2018,Cessna-208B version,,
,,1,Learjet-60,Light transport ac,2019,Second-hand,,
,,4,P-3C Orion,ASW aircraft,2019,Second-hand but possibly modernized before delivery; $78 m deal,,
,Australia,12,C-130J-30 Hercules,Transport aircraft,1995,1999-2000,12,'Project Air-5216' worth $466-670 m; option on 12 more not used
,,2,CH-47D Chinook,Transport helicopter,1998,2001,2,$45 m deal
,,7,King Air,Light transport ac,2002,2003-2004,-7,$170 m 10-year lease (bought and owned by Australian company); King Air-350 version; for training
,,3,King Air,Light transport ac,2005,2005-2006,3,10-year lease (bought and owned by Australian company); King Air-350 version; incl for surveillance
,,4,C-17A Globemaster-3,Heavy transport ac,2006,2006-2008,4,AUD1.9 b ($1.5 b) deal (offsets AUD345 m)
,,24,F/A-18E Super Hornet,FGA aircraft,2007,2010-2011,24,AUD6 b ($4.8 b) deal; interim solution to cover gap between F-111 retirement and delivery of F-35; F/A-18F version
,,-4,ScanEagle,UAV,2007,2007,-4,Leased for use in Iraq and Afghanistan and Iraq
,,5,King Air,Light transport ac,-2009,2010,5,King Air-300 version; bought by and leased from Australian company
,,-10,RQ-7 Shadow-200,UAV,2010,2011-2012,-10,AUD175 m ($157 m) deal (incl 4 control systems); for use in Afghanistan
,,3,Bell-429 GlobalRanger,Light helicopter,2011,2012,3,AUD26 m ($24 m) 4-year lease; for training
,,1,C-17A Globemaster-3,Heavy transport ac,2011,2011,1,$300 m deal
,,2,CH-47D Chinook,Transport helicopter,2011,2012,2,Second-hand
,,24,MH-60R Seahawk,ASW helicopter,2011,2013-2016,24,AUD2.6 b ($2.5 b) 'Project Air-9000 Phase-8' ($1.5 b offsets)
,,1,C-17A Globemaster-3,Heavy transport ac,2012,2012,1,
,,7,CH-47F Chinook,Transport helicopter,2012,2015,7,AUD514 m ($470 m) 'Project Air-9000 Phase-5C'
,,12,EA-18G Growler,FGA/EW aircraft,2013,2015-2017,-12,$1.5 b 'Project-5349 Phase-3' programme
,,1,Bell-429 GlobalRanger,Light helicopter,-2015,2016,1,For training
,,2,C-17A Globemaster-3,Heavy transport ac,2015,2015,2,AUD700 m ($544 m) deal
,,2,G-550 SIGINT,SIGINT aircraft,2015,Part of 'Air-555' programme; Australian designation MC-55A Peregrine; delivery planned by 2021,,
,,3,CH-47F Chinook,Transport helicopter,2016,2016,3,$180 m deal
,,6,MQ-4C Triton,UAV,2018,Part of AUD3-4 b 'Project JP-2062' or 'Air-7000 Phase-1B'; MQ-4CN version; delivery planned 2023-2025,,
,,2,G-550 SIGINT,SIGINT aircraft,-2019,Part of 'Air-555' programme; Australian designation MC-55A Peregrine,,
,,-12,MQ-9 Reaper,Armed UAV,2019,AUD1.3 b ($884 m) 'Project Air-7003'; selected 2019 but not yet ordered by end-2019,,
,Austria,9,S-70/UH-60L,Helicopter,2000,2002,-9,$183 m deal (incl $47 import duties; offsets $394 m); incl for SAR; S-70A-42 version; option on 3 more not used
,Bahamas,1,King Air,Light transport ac,-2005,2005,1,King Air-350 version
,,1,Cessna-208 Caravan,Light transport ac,2007,2009,1,
,Bahrain,10,F-16C,FGA aircraft,1998,2000,10,$303 m 'Peace Crown-2' deal; F-16 Block-40 version; option on more not used
,,-12,AH-1F Cobra,Combat helicopter,2001,2005-2007,-12,Second-hand
,,1,King Air,Light transport ac,2005,2006,1,King Air-350; incl for MP
,,8,S-70/UH-60L,Helicopter,2007,2010,8,UH-60M version; incl for CSAR
,,16,F-16V,FGA aircraft,2017,Delivery planned 2022-2023,,
,,12,AH-1Z Viper,Combat helicopter,2018,Delivery planned from 2022,,
,Bangladesh,4,C-130B Hercules,Transport aircraft,1999,2000,-4,Second-hand; $15 m deal; modernized before delivery
,Belgium,1,C-130E Hercules,Transport aircraft,29-Jun,2009,1,Second-hand but modernized to C-130H version in Belgium
,,34,F-35A Lightning-2,FGA aircraft,2018,EUR3.8 b deal; delivery planned 2023-2030,,
,,-2,MQ-9 Reaper,UAV,-2019,MQ-9B SkyGuardian version,,
,Bolivia,-3,C-130B Hercules,Transport aircraft,1999,1999-2000,-3,Second-hand; aid; possibly for spare parts only
,,6,R-44,Light helicopter,-2010,2011-2012,6,For training
,,2,Foxtrot-4,Light aircraft,-2012,2013,2,For training; assembled from kits in Bolivia
,,-1,Tango-2,Light aircraft,-2012,2013,1,Assembled from kit in Bolivia
,,2,King Air,Light transport ac,-2013,2014,2,King Air-250 and King Air-350 versions
,Bosnia-Herzegovina,4,Bell-205/UH-1 Huey-2,Helicopter,2019,$39 m deal; incl aid; second-hand UH-1H rebuilt to UH-1 Huey-2 before delivery; delivery planned 2020-2023,,
,Botswana,1,C-130B Hercules,Transport aircraft,-1999,2001,1,Second-hand but modernized before delivery
,,1,C-212,Transport aircraft,-2018,2018,1,Second-hand
,,1,C-212,Transport aircraft,-2018,2019,1,Second-hand
,Brazil,2,Metro-3/C-26,Transport aircraft,-1999,2001,-2,Second-hand but modernized before delivery; C-26 version
,,10,C-130H Hercules,Transport aircraft,2001,2001-2002,-10,Second-hand aircraft bought back to US producer and sold to Brazil; $66-70 m 'C-X' programme
,,9,P-3A Orion,ASW aircraft,2002,2011-2014,9,Second-hand; $10 m deal (part of $425 m 'P-X' programme incl modernization of 9 in Spain to P-3AM; 3 more for spare parts only)
,,-15,Cessna-208 Caravan,Light transport ac,-2005,2005-2008,-15,
,,6,S-70/UH-60L,Helicopter,2006,2006-2008,6,$180 m deal; for CSAR
,,4,S-70B/SH-60B Seahawk,ASW helicopter,2009,2012-2013,-4,$164 m deal; Brazilian designation MH-16
,,4,S-70/UH-60L,Helicopter,2009,2011,-4,$60 m deal
,,6,S-70/UH-60L,Helicopter,2009,2012,-6,$73 m deal
,,9,Cessna-208 Caravan,Light transport ac,2010,2011,-9,Brazilian designation C-98A
,,4,C-1 Trader,Light transport ac,2011,Second-hand; modernized to KC-2 Turbo Trader tanker/transport aircraft in USA before delivery (2-4 more delivered for spare parts); delivery planned 2021,,
,,2,S-70B/SH-60B Seahawk,ASW helicopter,2013,2015,2,$87 m deal; S-70B version; Brazilian designation SH-16
,,1,Boeing-767,Transport aircraft,2016,2016,1,Second-hand; lease; Boeing-767-300ER version; Brazilian designation C-767
,,4,Shorts-360,Transport aircraft,2017,Second-hand; C-23B+ version; delivery planned 2021,,
,,4,Shorts-360,Transport aircraft,2018,Second-hand; C-23B+ version,,
,,6,ScanEagle,UAV,2019,Delivery planned 2020,,
,Brunei,12,S-70/UH-60L,Helicopter,3-Jul,2013-2015,-12,S-70i version; from Polish production line
,Bulgaria,8,F-16V,FGA aircraft,2019,$1.2-1.3 b deal; delivery planned 2023-2024,,
,Burkina Faso,1,King Air,Light transport ac,28-Jun,2006,1,King Air B-200 version
,Cameroon,2,Bell-412,Helicopter,-2009,2010,2,Bell-214EP version
,,1,Bell-412,Helicopter,-2015,2015,1,Probably second-hand; Bell-412EP version
,,-2,ScanEagle,UAV,2015,2016,-2,$9.4 m deal
,,2,Cessna-208 Caravan,Light transport ac,2016,2018,2,$4.3 m aid; for surveillance
,,2,Bell-412,Helicopter,-2018,2019,2,Second-hand; Bell-412EP version
,Canada,24,PC-9,Trainer aircraft,1997,2000,24,$82 m deal; for civilian company for training of pilots from Canadian and other air forces under 'NATO Flying Training in Canada' (NFTC) programme; T-6A-1 Texan-2 version; Canadian designation CT-156 Harvard-2
,,2,PC-9,Trainer aircraft,2002,2002,2,$12 m deal; for civilian company for training of pilots from Canadian and other air forces under 'NATO Flying Training in Canada' (NFTC) programme; T-6A-1 Texan-2 version; Canadian designation CT-156 Harvard-2
,,4,C-17A Globemaster-3,Heavy transport ac,2007,2007-2008,4,$1.3 b deal (part of CAD3.4 b deal)
,,6,CH-47D Chinook,Transport helicopter,2008,2008-2009,-6,Second-hand; $249 m deal
,,15,CH-47F Chinook,Transport helicopter,2009,2013-2014,-15,CAD1.4 b ($1.4 b) deal (offsets 100%)
,,1,C-17A Globemaster-3,Heavy transport ac,-2014,2015,1,CAD415 m ($357 m) deal
,,5,RQ-21A Blackjack,UAV,2016,2017,5,$14 m deal
,,3,King Air-350 ISR,AGS aircraft,2019,CAD188 m ($142 m) deal (CAD247 m incl support); delivery planned 2022,,
,Central African Republic,1,C-130B Hercules,Transport aircraft,28-Jun,2006,1,Second-hand; C-130A version
,Chad,1,PC-7 Turbo Trainer,Trainer aircraft,-2006,2006,-1,Second-hand
,,2,Cessna-208 Caravan,Light transport ac,2016,2017,2,For surveillance; aid
,Chile,15,Cessna-337/O-2,Light aircraft,-1996,1997-2000,-15,Second-hand; 4 more delivered for spares only and 5 for storage for possible future use
,,1,Bell-412,Helicopter,2000,2000,1,Second-hand
,,-1,Bell-412,Helicopter,-2000,2001,1,Second-hand
,,3,CitationJet,Light transport ac,-2000,2001,3,For training
,,10,F-16C Block-50/52,FGA aircraft,2003,2006-2007,10,"$660 m 'Peace Puma', 'Caza-2000' or 'F-2000' progamme (price does not include engines; offsets 100%); F-16C Block-50 version; incl 4 F-16D version"
,,4,Bell-412,Helicopter,2007,2009,-4,$45 m deal; from Canadian production line; Bell-412EP version
,,8,Bell-412,Helicopter,-2009,2009-2011,-8,From Canadian production line; Bell-412EP version
,,3,KC-135 Stratotanker,Tanker/transport ac,-2009,2010-2012,3,Second-hand; $40 m deal; KC-135E version
,,4,SR-22,Light aircraft,-2012,2013-2015,4,
,,2,KC-130H Hercules,Tanker/transport ac,-2013,2015-2016,-2,Second-hand; aid; KC-130R version
,,2,Cessna-172/T-41,Trainer/light ac,2014,2015,2,
,,4,SR-22,Light aircraft,2016,2016-2017,4,
,Colombia,25,Bell-205/UH-1 Huey-2,Helicopter,1998,1999-2002,-25,Second-hand UH-1H rebuilt to UH-1H-2; aid for police anti-narcotics operations
,,6,S-70/UH-60L,Helicopter,1998,1999-2000,-6,$96 m deal (aid); for police anti-narcotics operations
,,-42,Bell-205/UH-1 Huey-2,Helicopter,-2000,2002-2003,-42,$323 m deal (part of $1.3 b 'Plan Colombia'); Second-hand UH-1H rebuilt to UH-1H-2; aid for anti-narcotics operations; incl 12 for police
,,15,Bell-212/UH-1N,Helicopter,2000,2000,15,Second-hand aircraft bought by USA and delivered to Colombia as aid; for anti-narcotics operations
,,-2,OV-10 Bronco,Ground attack ac,-2000,2002,2,Second-hand; aid
,,14,S-70/UH-60L,Helicopter,2000,2001,14,$106 m deal
,,16,S-70/UH-60L,Helicopter,2000,2001,16,$116 m deal (part of $1.3 b 'Plan Colombia' anti-narcotics aid); incl 2 for police
,,5,SA-2-37/RG-8 Condor,Reconnaissance ac,2000,2002-2003,-5,Part of $1.3 b 'Plan Colombia' anti-narcotics aid; SA-2-37B version
,,10,OV-10 Bronco,Ground attack ac,2001,2003,-10,Aid; Second-hand
,,1,C-130B Hercules,Transport aircraft,2002,2002,1,Second-hand; aid; for anti-narcotics operations
,,5,K-MAX,Helicopter,2002,2002,5,Originally for Peru; for Police anti-narcotics operations
,,-1,OT-47B Tracker,AEW/AGS aircraft,-2002,2002,1,Possibly on loan; for anti-narcotics operations
,,3,BT-67,Transport aircraft,2004,2005-2007,-3,$17 m aid; second-hand C-47 transport aircraft rebuilt to BT-67/AC-47T transport/combat aircraft in USA; for police anti-narcotics operations;
,,8,S-70/UH-60L,Helicopter,-2005,2007,8,$100 m deal; incl for use anti-narcotics operations
,,-6,Bell-205/UH-1 Huey-2,Helicopter,-2006,2007,6,Second-hand UH-1H rebuilt to UH-1H-2; aid
,,12,Bell-206/OH-58,Light helicopter,-2006,2007,12,Bell-206B-3 version; for training
,,2,King Air,Light transport ac,-2006,2007,2,King Air-350 version; for SIGINT (ELINT) with ELINT system from Israel
,,-16,ScanEagle,UAV,-2006,2006-2007,-16,
,,1,Boeing-767,Transport aircraft,2007,2010,1,Second-hand; $60 m deal; modified to MMTT tanker aircraft in Israel before delivery
,,15,S-70/UH-60L,Helicopter,2007,2009,15,$225 m deal
,,-12,Bell-205/UH-1 Huey-2,Helicopter,2008,2011,-12,Second-hand UH-1H rebuilt to UH-1H-2
,,12,Bell-212/UH-1N,Helicopter,2008,2009,-12,Second-hand aircraft bought by USA and delivered to Colombia as aid; for anti-narcotics operations
,,-1,Cessna-180 Skywagon,Light aircraft,2008,2008,-1,Second-hand; aid; Cessna-182R version
,,-10,Cessna-208 Caravan,Light transport ac,2008,2009-2010,-10,Incl for at least 5 for reconnaissance and 2 for medevac
,,-2,King Air,Light transport ac,-2008,2009-2010,2,King Air-350 version; incl for medevac
,,2,King Air,Light transport ac,2008,2009,2,King Air-350 version
,,-7,S-70/UH-60L,Helicopter,2008,2011-2012,-7,Colombian UH-60A rebuilt to UH-60L
,,-14,T-37B,Trainer aircraft,-2008,2008-2010,14,Second-hand
,,20,Bell-206/OH-58,Light helicopter,-2009,2010-2013,-20,Second-hand; 'Plan Colombia' aid; OH-58A version
,,25,Legacy,Light aircraft,2009,2010-2014,-25,$6.5-10 m deal; Synergy-FG or Legacy-FG version; assembled in Colombia; for training; Colombian designation T-90 Calima
,,-3,A-37B Dragonfly,Ground attack ac,-2010,2011,-3,Second-hand; incl some second-hand Chilean aircraft returned to USA and transferred to Colombia
,,-2,King Air,Light transport ac,2010,2010,-2,King Air-350 version
,,1,King Air,Light transport ac,-2010,2011,1,King Air-350 SIGINT (COMINT) version with COMINT system from Israel
,,1,King Air,Light transport ac,-2010,2011,1,$7.7 m deal; King Air-350i version
,,-10,Bell-205/UH-1 Huey-2,Helicopter,2011,2013-2019,-7,Second-hand UH-1H rebuilt to UH-1H-2
,,1,King Air,Light transport ac,-2011,2012,1,King Air C-90GTx version
,,7,S-70/UH-60L,Helicopter,2011,2012,-7,Incl 3 for police
,,-4,Bell-206/OH-58,Light helicopter,-2012,2013,-4,Second-hand; aid; OH-58A version; for training
,,4,Bell-412,Helicopter,2012,2013-2014,-4,From Canadian production line
,,2,Boeing-737 Classic,Transport aircraft,2012,2013,-2,Second-hand; Boeing-737-300F version
,,-1,Cessna-208 Caravan,Light transport ac,-2012,2013,-1,Grand Caravan-EX version
,,2,Cessna-208 Caravan,Light transport ac,-2012,2013,2,Possibly second-hand; Cessna-208B version
,,5,S-70/UH-60L,Helicopter,2012,2013,5,$87 m deal; S-70i version; from Polish production line
,,2,S-70/UH-60L,Helicopter,2013,2013,2,S-70i version; from Polish production line
,,6,ScanEagle,UAV,-2013,2013,6,Aid
,,60,Bell-206/OH-58,Light helicopter,2015,2016-2017,-60,Second-hand; TH-67 version; for training
,,-1,Cessna-208 Caravan,Light transport ac,-2016,2017,-1,Cessna-208B-EX version
,,10,S-70/UH-60A,Helicopter,-2016,2017,10,Second-hand; for police
,,-10,S-70/UH-60L,Helicopter,-2018,Second-hand; for police; aid,,
,,1,S-70/UH-60L,Helicopter,2018,2019,1,
,Costa Rica,2,MD-600N,Light helicopter,4-Jul,2012-2014,2,$7.6 m deal; incl for anti-narcotics operations and SAR
,Croatia,16,Bell-206/OH-58D(I),Combat helicopter,2016,2016,16,Second-hand; HRK286 m ($41 m) deal (incl HRK100 m aid); OH-58D version
,,2,S-70/UH-60L,Helicopter,-2018,$53 m aid; UH-60M version; delivery planned 2020,,
,Czechia,10,ScanEagle,UAV,2014,2015,10,CZK200 m ($6.8-8.1 m) aid
,,4,Enstrom-480,Light helicopter,2017,2018,-4,TH-480B-G version; owned and operated by civilian company for training of Czech military pilots
,,4,AH-1Z Viper,Combat helicopter,2019,Delivery planned 2023-2024,,
,,8,UH-1Y,Helicopter,2019,Delivery planned 2023-2024,,
,Denmark,3,C-130J-30 Hercules,Transport aircraft,2000,2004,3,$328 m deal (incl buy-back of 3 Danish C-130H aircraft by producer)
,,1,C-130J-30 Hercules,Transport aircraft,2004,2007,1,DKR525 m ($88 m) deal
,,9,MH-60R Seahawk,ASW helicopter,2012,2016-2018,9,$686 m deal; MH-60R version
,Dominican Republic,4,R-22,Light helicopter,-2000,2001-2002,-4,Mainly for border patrol against smuggling and illegal immigration from Haiti
,,2,R-44,Light helicopter,-2000,2001-2002,-2,Mainly for border patrol against smuggling and illegal immigration from Haiti
,,-8,Bell-205/UH-1 Huey-2,Helicopter,-2002,2004,8,Second-hand UH-1H rebuilt to Huey-2; aid
,,12,Bell-206/OH-58,Light helicopter,2002,2003-2004,12,Second-hand; aid; OH-58C version
,,4,Schweizer-330,Light helicopter,-2003,2003-2004,4,Schweizer-333 version; for training
,,-5,Cessna-172/T-41,Trainer/light ac,-2014,2015,5,Cessna-172S version
,,1,P2006T,Light aircraft,2015,2016,1,For anti-narcotics operations
,DR Congo,2,Boeing-727,Transport aircraft,1-Jul,2009,2,Second-hand; $0.8 m deal
,Ecuador,3,MX-7,Light aircraft,-2001,2002,3,
,,-3,Cessna-U206,Light aircraft,2008,2009-2010,-3,
,,2,Bell-430,Light helicopter,2009,2010,2,Second-hand
,Egypt,21,F-16C,FGA aircraft,1996,1999-2000,-21,'Peace Vector-5' deal; aid
,,24,F-16C,FGA aircraft,1999,2001-2002,-24,$1.2 b 'Peace Vector-6' (incl $100 m for engines); F-16 Block- 40 version; incl 12 F-16D
,,-35,AH-64D Apache,Combat helicopter,-2000,2003-2006,-35,Egyptian AH-64A rebuilt to AH-64D
,,1,E-2C Hawkeye,AEW&C aircraft,2001,2003,1,Second-hand; $25 m aid; modernized to Hawkeye-2000 before delivery
,,3,C-130H Hercules,Transport aircraft,2004,2004,-3,Second-hand and/or Italian aircraft sold back to US producer and sold to Egypt; $31 m deal
,,1,E-2C Hawkeye,AEW&C aircraft,2008,2010,1,Second-hand; $38 m deal; modernized to Hawkeye-2000 before delivery
,,10,AH-64D Apache,Combat helicopter,-2010,2014,10,
,,20,F-16C Block-50/52,FGA aircraft,2010,2013-2015,20,Part of $3.2 b 'Peace Vector-7' deal; F-16C Block-52 version (incl 4 F-16D version)
,,2,Beech-1900 SIGINT,SIGINT aircraft,2011,2012,2,$24 m deal; second-hand transport aircraft rebuilt to SIGINT aircraft
,El Salvador,5,Bell-412,Helicopter,-2001,2002-2003,-5,From Canadian production line; Bell-412EP version
,,3,MD-500E,Light helicopter,2011,2012,3,$7.3 m deal (part of $9.7 m aid)
,Equatorial Guinea,2,Enstrom-480,Light helicopter,-2007,2007,-2,TH-480B Guardian version
,Estonia,4,R-44,Light helicopter,23-Jun,2002,4,$2 m aid
,,2,M28 Skytruck,Light transport ac,2017,2019,-2,Second-hand; aid
,Ethiopia,1,C-130E Hercules,Transport aircraft,-2013,2014,1,Second-hand; aid
,,1,C-130E Hercules,Transport aircraft,2017,2018,1,Second-hand; aid
,France,2,A-4M Skyhawk-2,FGA aircraft,25-Jun,2003-2004,2,Second-hand; leased by civilian company target towing for French navy; A-4N version
,,16,SR-20,Light aircraft,2012,2012,-16,Owned and operated by civilian company for French armed forces
,,7,SR-22,Light aircraft,2012,2012,-7,Owned and operated by civilian company for training of French armed forces
,,6,MQ-9 Reaper,UAV,2013,2013-2017,-6,$600 m deal; MQ-9 Block-1 version (to be modified to armed version 2019-2020)
,,2,C-130J-30 Hercules,Transport aircraft,2016,2017-2018,2,$133 m deal
,,2,KC-130J Hercules,Tanker/transport ac,2016,2019,1,Delivery planned 2019-2020
,,-8,King Air,Light transport ac,2016,2018-2019,2,King Air-350 version; modified in France to King Air-350ASLR SIGINT/reconnaissance aircraft; delivery planned 2018-2025
,,6,MQ-9 Reaper,Armed UAV,2018,$123 m deal; armed MQ-9 Block-5 version; delivery planned from 2020,,
,,3,E-2D Hawkeye,AEW&C aircraft,-2019,Selected but not yet ordered by end-2019; delivery planned 2026-2028,,
,Georgia,6,Bell-205/UH-1H,Helicopter,1999,2001,6,Second-hand; aid; 4 more for spares only; in exchange for help in 'War on Terrorism'
,Germany,6,C-130J Hercules,Transport aircraft,-2019,Selected but not yet ordered by end-2019,,
,Greece,-6,A-7E Corsair-2,FGA aircraft,1998,2000-2001,-6,Second-hand; aid; possibly for spare parts only
,,10,T-2D Buckeye,Trainer aircraft,1998,2001-2002,10,Second-hand; aid; T-2C version
,,7,CH-47D Chinook,Transport helicopter,1999,2001,7,$286 m deal
,,45,PC-9,Trainer aircraft,1999,2000-2003,-45,$223-240 m deal (offsets 120% incl production of parts for 300 T-6A); T-6A-1 Texan-2 version;  incl 20 T-6B armed version (for training); option on 5 more
,,50,F-16C Block-50/52,FGA aircraft,2000,2003-2004,-50,$2.1 b 'Peace Xenia-3' deal; F-16CG Block-52+ version; incl 16 F-16DG
,,2,King Air,Light transport ac,2000,2002,2,"$11.4 m deal; C-12R/AP version; for VIP transport, photographic reconnaissance and survey"
,,3,S-70B/SH-60B Seahawk,ASW helicopter,2000,2003-2004,3,S-70B-6 Aegean Hawk version
,,10,F-16C Block-50/52,FGA aircraft,2001,2004,10,$183 m 'Peace Xenia-3' deal; F-16CG Block-52+ version; incl 4 F-16DG
,,2,C-130H Hercules,Transport aircraft,2002,2003,-2,Second-hand aircraft sold back to US producer and sold to Greece
,,12,AH-64D Apache,Combat helicopter,2003,2007,-12,Part of $675-703 m deal (offsets $845 m); option on 4 more not used
,,30,F-16C Block-50/52,FGA aircraft,2005,2009-2010,30,$2 b 'Peace Xenia-4' deal (offsets 132%); F-16 Block-52+ version (incl 12 F-16D)
,,10,CH-47D Chinook,Transport helicopter,2015,2016-2019,-10,Second-hand; $126 m deal; CH-47SD version
,,60,Bell-206/OH-58D(I),Combat helicopter,2017,2019,60,Second-hand (10 more delivered for spare parts only); incl 24 for training; part of $150 m deal; OH-58D version
,Guatemala,-2,PA-28 Cherokee,Light aircraft,-2017,2018,2,Archer version
,,4,Cessna-208 Caravan,Light transport ac,2018,2018,-2,$8.2 m deal; Cessna-208B-EX version
,,1,Cessna-208 Caravan,Light transport ac,2018,2018,1,Cessna-208B-EX version; aid
,Honduras,4,MX-7,Light aircraft,29-Jun,2008,-4,Aid
,,4,MX-7,Light aircraft,2011,2011-2012,4,Aid; MXT-7-180 version
,,3,Cessna-208 Caravan,Light transport ac,-2015,2015-2018,3,Aid; Cessna-20B version
,India,6,S-61/H-3A Sea King,Transport helicopter,28-Jun,2007,-6,Second-hand; $39 m deal; UH-3H version
,,6,C-130J-30 Hercules,Transport aircraft,2008,2010-2011,6,$962 m deal (incl $596 m for aircraft and rest for special equipment; 30% offsets incl production in India of components for all future C-130J); for special forces
,,10,C-17A Globemaster-3,Heavy transport ac,2011,2013-2014,10,$4.1 b deal (offsets $1.1 b)
,,15,CH-47F Chinook,Transport helicopter,2015,2019,-10,$1 b deal (part of $2.4 b deal); CH-47F(I) version; delivery planned 2019-2023
,,1,C-17A Globemaster-3,Heavy transport ac,2017,2019,1,$262 m deal
,,1,C-130J-30 Hercules,Transport aircraft,-2018,2019,1,
,,24,MH-60R Seahawk,ASW helicopter,-2019,$2.6 b 'N-MRH' programme; selected 2019 but not yet ordered by end-2020,,
,,6,P-8A Poseidon,ASW aircraft,-2019,Selected but contract not yet signed by end-20219,,
,Indonesia,1,F-5E Tiger-2,FGA aircraft,-1996,2006,1,Second-hand but modernized in USA; delivery embargoed by USA 1999-2006
,,-25,Bell-412,Helicopter,2010,2012-2014,-25,Bell-412EP version
,,-2,Cessna-180 Skywagon,Light aircraft,-2010,2011,2,Cessna-182T version
,,24,F-16C,FGA aircraft,2012,2014-2017,-24,Second-hand F-16C Block-25 delivered as aid but modernized before delivery to Block-52 version in $670-750 m deal; incl F-16D version (6 more delivered for spare parts only)
,,2,Model-300,Light helicopter,2012,2012,-2,S-300C version; for training; option on 4 more
,,4,Bonanza,Light aircraft,2013,2013,4,Bonanza G-36 version
,,8,AH-64E Apache Guardian,Combat helicopter,-2014,2017-2018,8,$500 m deal
,,-2,Baron,Light transport ac,-2014,2015,2,G58 Baron version; for training
,,4,Bonanza,Light aircraft,2014,2015,4,
,,-1,King Air,Light transport ac,-2016,2017,1,King Air-350i version; for VIP transport
,,9,Bell-412,Helicopter,-2018,Bell-412EPI version,,
,,6,ScanEagle,UAV,2018,'Maritime Security Initiative' aid,,
,,8,ScanEagle,UAV,2019,'Maritime Security Initiative' aid,,
,Iraq,3,C-130E Hercules,Transport aircraft,-2004,2005,3,Second-hand; aid
,,7,Comp Air-7SL,Light aircraft,2004,2004,7,Financed by UAE; assembled from kits in UAE
,,16,Bell-205/UH-1 Huey-2,Helicopter,2005,2007,-16,Iraqi UH-1H rebuilt to Huey-2
,,-11,Cessna-208 Caravan,Light transport ac,-2005,2007-2009,-11,Including 3 AC-208B armed version
,,20,Bell-206/OH-58,Light helicopter,2007,2008-2009,20,Incl 10 Second-hand OH-58C and 10 second-hand Bell-206B version; aid
,,12,Cessna-172/T-41,Trainer/light ac,2007,2007-2009,12,Option on 6 more
,,1,King Air,Light transport ac,2007,2007,1,Part of $160 m deal; King Air-350ER version
,,5,King Air-350 ISR,AGS aircraft,2007,2008,-5,Part of $132 m 'Peace Dragon' deal
,,24,Bell-407,Light helicopter,2009,2012-2013,24,$60 m deal; armed version; option on 26 more
,,3,Bell-407,Light helicopter,2009,2010,3,$6.9 m deal; T-407 trainer version
,,6,C-130J-30 Hercules,Transport aircraft,2009,2012-2013,6,$293 m deal
,,15,PC-9,Trainer aircraft,2009,2009-2010,15,Part of $257 m deal; T-6A version
,,3,Bell-407,Light helicopter,-2010,2011,-3,
,,18,F-16C Block-50/52,FGA aircraft,2011,2014-2015,-18,Part of $3 b deal; F-16C Block-52 or F-16IQ version (incl 6 F-16D)
,,18,F-16C Block-50/52,FGA aircraft,2013,2016-2017,-18,$830 m deal; F-16C Block-52 or F-16IQ version
,,-10,ScanEagle,UAV,2013,2014,-10,
,,16,Bell-407,Light helicopter,-2014,2015,16,Armed version
,,1,King Air-350 ISR,AGS aircraft,2014,2016,1,Part of $27-35 m deal; King Air-350ER version
,Israel,-5,King Air,Light transport ac,-1998,2000,-5,B200T version; Israeli designation Zufit-2; incl for EW and ELINT/SIGINT
,,1,Boeing-707,Transport aircraft,2000,2001,1,Second-hand but modernized and modified to tanker aircraft after delivery
,,-30,AH-1F Cobra,Combat helicopter,-2001,2002-2005,-30,Second-hand; aid
,,-12,AH-64D Apache,Combat helicopter,2001,2005-2006,-12,$509 m deal (financed by US 'FMF' aid); incl 3 Israeli AH-64A rebuilt to AH-64D; Israeli designation Sharaf
,,3,Gulfstream-5,Light transport ac,2001,2005-2007,3,$174-206 m deal (partly financed by US 'FMF' aid); G-550 version; modified in Israel to G-550 SEMA Shavit ELINT aircraft; delivery 2005-2007
,,8,King Air,Light transport ac,2001,2002-2003,-8,B200CT version; modified in Israel for SIGINT; Israeli designation Zufit-3
,,24,S-70/UH-60L,Helicopter,2001,2002,24,$212 m deal; S-70A-55 version; Israeli designation Yanshuf-3
,,6,King Air,Light transport ac,2002,2003,-6,B200CT version; for training; Israeli designation Zufit-5
,,-2,G-550 AEW,AEW&C aircraft,2003,2007,2,Part of $473 m deal (partly financed by US 'FMF' aid); modified in Israel to Eitam AEW aircraft
,,6,AH-64D Apache,Combat helicopter,2004,2006,-6,$200 m deal; Israeli AH-64A rebuilt to AH-64D; Israeli designation Saraf
,,18,Bonanza,Light aircraft,2004,2004-2005,-18,$11 m deal; option on 6 more
,,-42,AH-1F Cobra,Combat helicopter,-2005,2006,-42,Second-hand; aid
,,-20,PC-9,Trainer aircraft,2008,2009-2010,-20,$124 m deal (funded by US 'FMF' aid); T-6A Texan-2 version; Israeli designation Efroni
,,1,Boeing-707,Transport aircraft,2010,2011,-1,Second-hand but modernized and modified to tanker aircraft after delivery
,,3,C-130J Hercules,Transport aircraft,2010,2013-2015,3,$250 m deal; Israeli designation Samson
,,3,AH-64D Apache,Combat helicopter,2011,2012,3,Israeli AH-64A rebuilt to AH-64D; Israeli designation Saraf
,,1,PC-9,Trainer aircraft,-2011,2012,1,T-6A Texan-2 version; Israeli designation Efroni
,,4,C-130J Hercules,Transport aircraft,2013,2016-2018,-4,Israeli designation Samson
,,9,F-15C Eagle,FGA aircraft,2016,2016,9,Second-hand; aid; F-15D version; possibly (partly) for spare parts
,,1,Gulfstream-5,Light transport ac,-2017,2019,-1,G-550 version; modified in Israel to special mission aircraft
,,8,S-70B/SH-60B Seahawk,ASW helicopter,-2017,Second-hand but possibly modernized before delivery,,
,,2,KC-46A Pegasus,Tanker/transport aircraft,-2019,Selected but contract not yet signed by end-2019,,
,Italy,6,C-130J-30 Hercules,Transport aircraft,1997,2002-2003,-6,
,,10,C-130J Hercules,Transport aircraft,1997,2000-2001,10,
,,4,C-130J-30 Hercules,Transport aircraft,2000,2004-2005,-4,
,,34,F-16(ADF),FGA aircraft,2001,2003-2004,-34,Second-hand; $760 m 'Peace Ceasar' lease (for total of 45000 flying hours) until Eurofighter enters service in 2010; F-16A Block-15ADF version; incl 4 F-16B version; modernized before delivery; 4 more delivered for spares only
,,-5,RQ-1 Predator,UAV,2001,2004,-5,$55 m deal; RQ-1A version
,,-2,RQ-1 Predator,UAV,-2004,2005,-2,
,,2,MQ-9 Reaper,UAV,-2008,2010,2,RQ-9 (RQ-1B) version
,,2,MQ-9 Reaper,UAV,2009,2010,2,$81 m deal; RQ-9 (RQ-1B) version
,,16,RQ-7 Shadow-200,UAV,2010,2015,-16,EUR51 m deal; for 4 Shadow-200 UAV systems
,,2,MQ-9 Reaper,UAV,2011,2012,2,RQ-9 (RQ-1B) version
,,-10,ScanEagle,UAV,-2011,2013,-10,
,,1,Gulfstream-3 AML,Recce/SIGINT ac,2012,2012,1,1-year lease
,,-2,RQ-1 Predator,UAV,-2014,2015,-2,
,Jamaica,4,Bell-407,Light helicopter,-2006,2007-2008,4,
,,1,Bell-206/OH-58,Light helicopter,-2008,2008,1,Bell-206B-3 version
,,1,Bell-206/OH-58,Light helicopter,-2010,2010,1,Bell-206B-3 version
,,1,King Air Maritime,MP aircraft,2017,2018,1,$23 m deal
,,1,Bell-412,Helicopter,-2018,Bell-412EPi version; from Canadian production line,,
,,3,Bell-429 GlobalRanger,Light helicopter,-2018,2018-2019,3,
,Japan,-5,Gulfstream-4,Light transport ac,1994,1996-2000,-5,'U-X' programme; Japanese designation U-4
,,6,King Air,Light transport ac,1997,1999-2004,-6,"King Air B-300 version, incl for reconnaissance; Japanese designation LR-2"
,,4,KC-767 GTTA,Tanker/transport ac,2003,2008-2010,4,'KC-X' programme; KC-767J version
,,-6,King Air,Light transport ac,-2007,2008-2009,-6,King Air-90 version; for training; Japanese designation TC-90
,,30,Enstrom-480,Light helicopter,2010,2011-2015,-30,TH-480B version; for training
,,42,F-35A Lightning-2,FGA aircraft,-2012,2016-2019,-16,USD10 b 'F-X' programme (for 42 incl first 4 ordered 2012 for $756 m)
,,6,KC-130H Hercules,Tanker/transport ac,-2012,2014-2016,-6,Second-hand but modernized before delivery; $170 m deal; KC-130R version
,,4,ScanEagle,UAV,2012,2013,4,JPY1.2 b ($9.9 m) deal
,,4,E-2D Hawkeye,AEW&C aircraft,2015,2019,-2,Delivery planned 2019-2020
,,17,V-22 Osprey,Transport ac/helicopter,2015,2018-2019,-5,$3 b deal; V-22B Block-C version
,,6,CH-47F Chinook,Transport helicopter,-2017,Delivery planned 2021-2022,,
,,3,RQ-4A Global Hawk,UAV,2017,,,
,,9,E-2D Hawkeye,AEW&C aircraft,2018,,,
,,-63,F-35A Lightning-2,FGA aircraft,-2019,Selected 2018 but not yet ordered by end-2019,,
,,-42,F-35B Lightning-2,FGA aircraft,-2019,Selected 2019 but not yet ordered by end-2019,,
,Jordan,9,AH-1F Cobra,Combat helicopter,1998,2000-2001,9,Second-hand; aid
,,-2,SA-2-37/RG-8 Condor,Reconnaissance ac,-2000,2001,-2,
,,17,F-16(ADF),FGA aircraft,2003,2003-2007,-17,Second-hand; 'Peace Falcon-2' or 'Jordan-2' deal; aid (partly as reward for Jordanian support in 2003 war against Iraq); incl 1 F-16B version
,,8,S-70/UH-60L,Helicopter,2004,2007,8,$220 m deal; UH-60L version
,,6,MD-500E,Light helicopter,-2007,2008,6,Armed MD-530F version
,,5,Cessna-208 Caravan,Light transport ac,2009,2009-2011,-5,Incl 4 Cessna-208B ISR surveillance version
,,3,C-130E Hercules,Transport aircraft,-2010,2011-2012,3,Second-hand; aid
,,3,AH-1F Cobra,Combat helicopter,2014,2016,3,Second-hand; modernised before delivery; aid
,,3,Cessna-208 Caravan,Light transport ac,-2014,2015,-3,Cessna-208B ISR surveillance version
,,8,R-44,Light helicopter,2014,2014-2015,-8,For training
,,4,AT-802U,Ground attack ac,2015,2016,4,$9.8 m deal (originally ordered by Yemen but canceled 2015 and sold to Jordan)
,,8,S-70/UH-60A,Helicopter,-2015,2015-2016,-8,Second-hand; aid
,,12,S-70/UH-60L,Helicopter,-2016,2017,12,UH-60M version; aid
,Kazakhstan,6,Bell-205/UH-1 Huey-2,Helicopter,-2003,2004,-6,Second-hand UH-1H rebuilt to Huey-2; aid against terrorists
,,2,Bell-205/UH-1 Huey-2,Helicopter,2007,2007,-2,Second-hand UH-1H rebuilt to Huey-2
,,4,Bell-205/UH-1 Huey-2,Helicopter,2011,2012-2017,4,Second-hand UH-1H rebuilt to UH-1H-2 before delivery
,Kenya,-1,Cessna-208 Caravan,Light transport ac,2014,2015,-1,Aid; Cessna-208B-ISR surveillance version
,,-2,ScanEagle,UAV,2015,2016,-2,$9.9 m deal
,,8,Bell-205/UH-1 Huey-2,Helicopter,2016,2016-2017,8,Aid; second-hand UH-1H rebuilt to UH-1H-2 before delivery
,,3,M28 Skytruck,Light transport ac,2016,Second-hand; aid; delivery planned 2020,,
,,6,MD-500E,Light helicopter,2018,2019,-6,Armed MD-530F version
,Kuwait,16,AH-64D Apache,Combat helicopter,25-Jun,2007,16,Part of $868 m deal (incl $213 m for airframes and $46 m for Longbow radars; part of $2.1 b deal); sold on condition to be used for defensive operations only
,,3,KC-130J Hercules,Tanker/transport ac,2009,2014,3,$245 m deal (part of $1.1 b deal incl support)
,,1,C-17A Globemaster-3,Heavy transport ac,-2011,2014,1,
,,1,C-17A Globemaster-3,Heavy transport ac,2013,2014,1,
,,28,F/A-18E Super Hornet,FGA aircraft,2018,Incl 6 F/A-18F version; option on 12 more; delivery planned 2021-2022,,
,Latvia,4,S-70/UH-60L,Helicopter,2018,EUR175 m deal; UH-60M version; delivery planned around 2021,,
,Lebanon,-8,Bell-205/UH-1H,Helicopter,1998,1999-2000,-8,Second-hand; aid; some more delivered for spares only
,,-2,R-44,Light helicopter,-2003,2005,-2,R44 Raven-2 version; for training
,,1,Cessna-208 Caravan,Light transport ac,-2008,2009,1,Cessna-208B (AC-208) armed version; aid
,,1,Cessna-208 Caravan,Light transport ac,-2011,2013,1,Second-hand Cessna-208B but modernized to surveillance aircraft before delivery; aid
,,6,Bell-205/UH-1 Huey-2,Helicopter,2012,2012,6,$58 m aid (incl $33 m for aircraft only); second-hand UH-1H rebuilt to Huey-2
,,-6,Bell-205/UH-1 Huey-2,Helicopter,2014,2016-2017,-6,Second-hand UH-1H rebuilt to Huey-2; aid
,,1,Cessna-208 Caravan,Light transport ac,2015,2016,1,Cessna-208B (AC-208) armed version; aid
,,6,ScanEagle,UAV,2017,2019,6,'Building Partner Capacity' aid (worth $11 m)
,,6,MD-530G,Combat helicopter,2018,$94 m 'Building Partner Capacity' aid; delivery planned 2021,,
,Lithuania,-5,ScanEagle,UAV,-2012,2012,-5,
,,-6,S-70/UH-60L,Helicopter,-2019,UH-60M version; delivery planned from 2024; selected 2019 but contract not yet signed by end-2019,,
,Macedonia,1,Bell-412,Helicopter,2000,2000,1,$5.4 m deal (financed by Taiwan); for police; Bell-412SP version; from Canadian production line
,,1,Cessna-337/O-2,Light aircraft,2001,2001,1,Leased from and operated by US civilian company for surveillance
,Malaysia,-2,ScanEagle,UAV,4-Jul,2013,-2,MYR10 m ($3.3 m) lease via Malaysian company; for coastal surveillance
,,6,MD-530G,Combat helicopter,2016,MYR332 m ($77 m) deal; delivery planned 2020 (delayed from planned delivery 2017),,
,,12,ScanEagle,UAV,2019,'Maritime Security Initiative' aid; SanEagle-2 version; delivery planned 2020-2022,,
,Malta,1,King Air Maritime,MP aircraft,1-Jul,2011,1,EUR9.7 m deal (75% financed by EU 'EBF' programme); bought via FRG company
,,1,King Air Maritime,MP aircraft,-2010,2012,1,EUR9.7 m deal (75% financed by EU 'EBF' programme); bought via FRG company
,,1,King Air Maritime,MP aircraft,2015,2017,1,$18 m deal (financed by EU)
,Mauritania,2,Cessna-208 Caravan,Light transport ac,2014,2014,2,Aid (part of $21 m aid); incl for maritime patrol
,Mexico,-10,Explorer,Helicopter,-1998,1999-2002,10,Armed version; for anti-narcotics operations
,,73,Cessna-180 Skywagon,Light aircraft,-1999,1999-2000,73,For anti-narcotics operations; Cessna-182S version
,,-2,Lancair-ES,Light aircraft,-1999,2000,-2,Assembled from kits in Mexico; for training
,,4,Bell-412,Helicopter,-2000,2002,4,From Canadian production line; Bell-412EP version
,,1,Exec-162F,Light helicopter,2000,2000,1,Assembled from kit in Mexico
,,2,R-22,Light helicopter,2000,2000,2,For training
,,1,R-44,Light helicopter,2000,2000,1,
,,4,C-130H Hercules,Transport aircraft,-2002,2004,4,Second-hand aircraft sold back to USA and sold to Mexico; C-130K version
,,4,Schweizer-330,Light helicopter,-2003,2006,4,
,,-2,Cessna-208 Caravan,Light transport ac,2008,2009,-2,Financed by US aid under 'Merida Initiative'; surveillance or possibly ELINT version; for anti-narcotics operations
,,1,Gulfstream-4,Light transport ac,2008,2008,1,$42 m deal; for VIP transport
,,3,Bell-412,Helicopter,-2009,2010,3,Financed by US 'FMF' aid under 'Merida Initiative'; from Canadian production line; Bell-412EP version
,,5,Bell-412,Helicopter,2009,2009,5,$51-104 m deal (financed by 'FMF' aid under 'Merida Initiative'); Bell-412EP version; from Canadian production line
,,3,S-70/UH-60L,Helicopter,2010,2011,3,$35 m deal (financed by USA under 'Merida Initiative); UH-60M version
,,3,S-70/UH-60L,Helicopter,2010,2011,3,$37 m deal (financed by 'FMF' aid under 'Merida Initiative'); UH-60M version
,,6,PC-9,Trainer aircraft,-2011,2012,6,T-6C+ version
,,3,Citation-1,Light transport ac,-2013,2016,-3,Second-hand but modernized before delivery and modified to AGS/SIGINT aircraft with Israeli systems
,,4,King Air,Light transport ac,2013,2014-2015,-4,King Air-350ER version
,,6,PC-9,Trainer aircraft,-2013,2014,6,T-6C+ version
,,2,King Air,Light transport ac,2014,2015,2,King Air-350i version
,,-4,King Air-350 ISR,AGS aircraft,-2014,2015-2016,-4,King Air-350ER version
,,4,King Air Maritime,MP aircraft,2014,2015-2016,-4,King Air-350ER version
,,12,PC-9,Trainer aircraft,-2014,2015-2016,-12,T-6C+ armed version; for combat role
,,2,PC-9,Trainer aircraft,2014,2014,2,T-6C+ armed version; incl for combat role
,,-11,PC-9,Trainer aircraft,-2014,2016-2018,-11,MXN857 m deal; T-6C+ armed version; incl for combat role
,,24,PC-9,Trainer aircraft,2014,2016-2017,-24,MXN6.3b ($480 m) deal; T-6C+ version
,,18,S-70/UH-60L,Helicopter,2014,2015-2017,-18,$462 m deal (incl $204 m for airframes); armed UH-60M version
,,-8,S-70/UH-60L,Helicopter,2014,2015,-8,$93 m deal; UH-60M version
,,5,S-70/UH-60L,Helicopter,-2014,2016-2017,5,$56 m deal; UH-60M version
,,15,Bell-407,Light helicopter,2015,2015-2016,-15,MXN1.7b ($112 m) deal; Bell-407GX version
,,3,Boeing-737NG,Transport aircraft,2015,2015-2016,3,Boeing-737-800 version
,,12,Cessna-U206,Light aircraft,2015,2016-2017,-12,Cessna-T206H version; for surveillance role
,,2,S-70/UH-60L,Helicopter,2015,2017,-2,UH-60M version
,,1,Cessna-208 Caravan,Light transport ac,-2018,2018,1,Cessna-208EX version
,Morocco,24,F-16C Block-50/52,FGA aircraft,30-Jun,2011-2012,-24,$2.4 b deal (partly financed by Saudi Arabia); F-16C Block-52 version
,,24,PC-9,Trainer aircraft,2009,2011-2012,24,$185 m deal; T-6C version
,,-3,CH-47D Chinook,Transport helicopter,2012,2015,3,Second-hand but probably modernized before delivery
,,2,King Air,Light transport ac,2016,2018,2,King Air-350ER version; modified before delivery to MP aircraft in France
,,2,King Air-350 ISR,AGS aircraft,-2018,2019,-2,King Air-350 version
,,-24,AH-64E Apache Guardian,Combat helicopter,-2019,Option on 12 more,,
,NATO**,2,C-17A Globemaster-3,Heavy transport ac,1-Jul,2009,2,Bought by NATO Strategic Airlift Capability (NSAC) consortium for use by 10 NATO countries plus Finland and Sweden
,,1,C-17A Globemaster-3,Heavy transport ac,2009,2009,1,For NATO Strategic Airlift Capability (NSAC) consortium for use by 10 NATO countries plus Finland and Sweden
,,5,RQ-4A Global Hawk,UAV,2012,2019,2,Part of EUR1.2 b 'NATO AGS' programme; RQ-4D-40 version
,Nepal,1,Bell-407,Light helicopter,-2018,2019,1,Bell-407GXP version
,Netherlands,30,AH-64D Apache,Combat helicopter,1995,1998-2002,-30,$686 m deal (offsets $873 m)
,,1,DC-10-40,Transport aircraft,2004,2004,1,Second-hand; DC-10-30CF version; modernized in Netherlands after delivery
,,2,C-130H Hercules,Transport aircraft,2005,2010,2,Second-hand; EUR54 m deal; EC-130Q version modernized in UK to C-130H before delivery
,,6,CH-47F Chinook,Transport helicopter,2007,2012-2013,-6,EUR400-500 m deal
,,-25,RQ-21A Blackjack,UAV,2012,2014-2015,-25,
,,12,ScanEagle,UAV,2012,2012,12,
,,6,ScanEagle,UAV,-2012,2013,-6,
,,12,CH-47F Chinook,Transport helicopter,2016,$308 m deal; delivery planned from 2020,,
,,2,CH-47F Chinook,Transport helicopter,2017,,,
,,28,AH-64E Apache Guardian,Combat helicopter,2018,Dutch AH-64D rebuilt to AH-64E; delivery planned from 2022,,
,,4,MQ-9 Reaper,Armed UAV,2018,Delivery planned 2020,,
,,9,F-35A Lightning-2,FGA aircraft,2019,Selected but contract not yet signed by end-2019,,
,New Zealand,4,SH-2G Super Seasprite,ASW helicopter,1997,2001-2002,4,$185 m deal (offsets 36%); SH-2G(NZ) version
,,1,SH-2G Super Seasprite,ASW helicopter,1999,2003,1,$23 m deal; SH-2G(NZ) version
,,8,SH-2G Super Seasprite,ASW helicopter,2013,2014-2015,8,$242 m deal (incl $120 m for aircraft incl 2 more for spares parts only; originally produced for Australia but cancelled)
,,11,PC-9,Trainer aircraft,2014,2014-2015,11,NZD154 m ($129 m) deal; T-6C version
,,4,King Air,Light transport ac,2017,2018,-2,Lease; for training and MP
,,-5,C-130J Hercules,Transport aircraft,-2019,NZD1 b ($704 m) 'Future Air Mobility Capability' programme for replacement of C-130; selected but contract not yet signed by end-2019,,
,,4,P-8A Poseidon,ASW aircraft,2019,NZD2.3 b [$1.5 b) deal; delivery planned 2023-2025,,
,Niger,2,Cessna-208 Caravan,Light transport ac,-2013,2013,2,Part of $11 m aid; Cessna-208B version
,,1,King Air-350 ISR,AGS aircraft,-2013,2015,1,Second-hand King Air-350 probably modernized and modified to AGS aircraft before delivery 
,,2,Cessna-208 Caravan,Light transport ac,2014,2015,2,Cessna-208B surveillance version
,,-1,C-130H Hercules,Transport aircraft,-2015,Second-hand; aid; delivery planned 2020,,
,Nigeria,-3,King Air,Light transport ac,2013,2014,3,King Air-350 version
,,4,Alpha Jet,Trainer/combat ac,2014,2015-2018,4,Second-hand; Alpha Jet-A version
,Norway,4,C-130J-30 Hercules,Transport aircraft,29-Jun,2008-2010,4,$608 m deal
,,1,C-130J-30 Hercules,Transport aircraft,2012,2012,1,$83 m deal
,,5,P-8A Poseidon,ASW aircraft,2017,USD1.16 b deal; delivery planned 2021-2022,,
,Oman,12,F-16C Block-50/52,FGA aircraft,24-Jun,2005-2008,-12,$224 m deal (part of $1.1 b deal); F-16C Block-50 version
,,1,C-130J-30 Hercules,Transport aircraft,2009,2012,1,
,,2,C-130J Hercules,Transport aircraft,2010,2013-2014,2,
,,12,F-16C Block-50/52,FGA aircraft,2011,2014,12,$600m deal; F-16C Block-50 version; incl 2 F-16D version
,,5,Bell-429 GlobalRanger,Light helicopter,2015,2015-2016,-5,
,,RQ-21A Blackjack,UAV,2019,,,,
,Pakistan,5,Bell-205/UH-1 Huey-2,Helicopter,-2001,2002,5,Second-hand UH-1H rebuilt to Huey-2 before delivery; part of $73 m US; for Ministry of Interior; aid for Afghan border patrol and anti-narcotics operations
,,3,Cessna-208 Caravan,Light transport ac,-2001,2002,-3,For Ministry of Interior; aid for Afghan border patrol and anti-narcotics operations
,,-40,T-37B,Trainer aircraft,2003,2009-2012,-40,Second-hand; aid; possibly modernized before delivery; probably 19 more delivered for spare parts
,,-12,AH-1F Cobra,Combat helicopter,2004,2007,-12,Second-hand but modernized before delivery; $48 m 'FMF' aid; 20-28 more for spare parts only
,,26,Bell-412,Helicopter,2004,2004-2005,26,Originally $230 m deal for 2 year lease but given to Pakistan in 2007 (financed with 'CSF' aid); from Canadian production line; for use in 'war on terrorism'; incl some for police; Bell-412EP version
,,6,C-130E Hercules,Transport aircraft,2004,2005-2007,-6,Second-hand aircraft sold back to US producer and sold to Pakistan; $64 m or $76 m deal (financed with 'FMF' aid); modernized before delivery; 1 more for spares only
,,14,F-16A,FGA aircraft,2005,2005-2008,14,"Second-hand (but only used 2-4 years); originally produced for Pakistan but delivery embargoed 1988, taken over by USA 2002 and after few years given as aid to Pakistan); aid"
,,7,P-3CUP Orion,ASW aircraft,2005,2007-2012,7,Second-hand P-3C rebuilt to P-3CUP (paid with $970 m US 'SAP' aid); first 2 delivered without complete systems (to be installed later)
,,4,Bell-205/UH-1 Huey-2,Helicopter,-2007,2008,-4,Second-hand UH-1H rebuilt to Huey-2 before delivery; for Ministry of Interior; aid for Afghan border patrol and anti-narcotics operations
,,18,F-16C Block-50/52,FGA aircraft,2007,2010,18,$1.4 b 'Peace Drive 1' deal (part of $3.1 b deal); incl 6 F-16D
,,5,Bell-205/UH-1 Huey-2,Helicopter,-2008,2009,5,Second-hand UH-1H rebuilt to Huey-2 before delivery; for Ministry of Interior; aid for Afghan border patrol and anti-narcotics operations
,,2,King Air-350 ISR,AGS aircraft,2008,2011,2,King Air-350 version; aid
,,2,Bell-412,Helicopter,2009,2010,2,"$23-24 m aid, Bell-412EP version"
,,10,Mi-8MT/Mi-17,Transport helicopter,2009,2009,10,Second-hand; Mi-17 version; incl 6 on 5-year lease; aid
,,1,RH-800RA/SIG,Reconnaissance ac,2009,2010,1,Hawker-850XP version
,,2,King Air-350 ISR,AGS aircraft,-2011,2013-2018,-2,King Air-350 ISR version; aid
,,-1,King Air,Light transport ac,-2013,2013,1,Second-hand; King Air-350i version
,,15,ScanEagle,UAV,-2013,2015,-15,$30 m 'FMF' aid
,,1,Cessna-208 Caravan,Light transport ac,2014,2015,1,Cessan-208B EX version
,,2,Cessna-208 Caravan,Light transport ac,2015,2016,2,Cessan-208B EX version
,,2,Cessna-208 Caravan,Light transport ac,-2015,2016,2,Cessna-208B EX version
,,2,Cessna-208 Caravan,Light transport ac,2016,2016,2,Part of $14 m deal; Cessna-208B EX version; incl for medevac
,,4,Cessna-U206,Light aircraft,2016,2017,4,Part of $1§4 m deal; Cessna-206H version
,Panama,1,Bell-412,Helicopter,30-Jun,2009,1,Part of $14 m deal (financed by Taiwan); for police; Bell-412EP version; from Canadian production line
,,3,Bell-412,Helicopter,2010,2012,3,$24 m deal; for police; Bell-412EP version; from Canadian production line
,,1,King Air-350 ISR,AGS aircraft,-2017,2018,1,$9.5 m deal; for coast guard
,Paraguay,2,Cessna-208 Caravan,Light transport ac,2-Jul,2011-2012,2,$3-7 m deal
,,2,Cessna-U206,Light aircraft,2012,2012-2013,2,Second-hand; $1.1 m deal; Cessna-T206H version
,Peru,1,Cessna-208 Caravan,Light transport ac,-2001,2001,1,
,,2,A-37B Dragonfly,Ground attack ac,2002,2002,2,Second-hand; loan; for anti-narcotics operations; OA-37B version
,,14,Bell-205/UH-1 Huey-2,Helicopter,2002,2003-2004,-14,$21 m deal; Peruvian police UH-1H rebuilt to Huey-2; aid
,,-2,Citation-2,SIGINT aircraft,2002,2002,-2,Second-hand; loan for anti-narcotics operations
,,16,Bell-205/UH-1 Huey-2,Helicopter,-2004,2004-2005,-16,Second-hand UH-1H rebuilt to Huey-2; aid for police anti-narcotics operations
,,-7,Bell-205/UH-1 Huey-2,Helicopter,-2004,2006,-7,Second-hand UH-1H rebuilt to Huey-2; aid for police anti-narcotics operations
,,6,F-28,Light helicopter,2008,2009,6,F-28F version
,,1,Cessna-208 Caravan,Light transport ac,2009,2009,1,Second-hand
,,6,S-61/H-3A Sea King,Transport helicopter,2009,2010-2013,-6,Second-hand; $6 m deal; UH-3H version
,,1,Beech-1900/C-12J,Light transport ac,-2010,2011,1,"Second-hand, Beech-1900D version"
,,2,Cessna-172/T-41,Trainer/light ac,-2010,2011,2,
,,-2,R-44,Light helicopter,2010,2011,-2,For training
,,1,Learjet-45,Light transport ac,-2013,2013,1,Second-hand; Learjet-45XR version
,,7,Cessna-172/T-41,Trainer/light ac,-2015,2015,7,Cessna-172SP version
,,2,F-28,Light helicopter,-2015,2015,2,F280FX version
,,-1,PA-44 Seminole,Light aircraft,-2015,2015,1,
,Philippines,8,Bell-205/UH-1H,Helicopter,23-Jun,2002-2003,8,Second-hand; aid
,,1,C-130B Hercules,Transport aircraft,-2001,2001,1,Second-hand; aid
,,20,Bell-205/UH-1H,Helicopter,2003,2007-2008,-20,Second-hand; part of $30 m aid (10 more delivered for spare parts)
,,-16,Bell-205/UH-1H,Helicopter,2003,2004-2005,-16,Second-hand; ordered and delivered via Singapore; modernized in Singapore before delivery; part of $12 m deal
,,-6,Bell-205/UH-1H,Helicopter,2003,2006-2007,-6,Second-hand but modernized before delivery; $8.2 m deal
,,1,Nomad,Light transport ac,2004,2004,1,Second-hand; aid
,,5,Bell-205/UH-1H,Helicopter,-2009,2011,5,Second-hand; possibly modernized before delivery
,,2,Hunter,UAV,-2009,2009,2,Second-hand
,,-7,Bell-205/UH-1H,Helicopter,2013,2014,-7,Second-hand but modernized before delivery; originally PHP1.25 b deal for 21 but 14 cancelled due to delivery delays
,,-6,Bell-412,Helicopter,2014,2015,-6,Part of $105 m deal; Bell-412EP version; from Canadian production line; 2 more delivered for government VIP transport
,,2,C-130H Hercules,Transport aircraft,-2014,2016,2,Second-hand; $56 m deal (incl $20 m aid); C-130T version
,,-2,Cessna-208 Caravan,Light transport ac,2016,2017,2,Cessna-208B surveillance version
,,6,ScanEagle,UAV,2017,2018,6,$13.8 m 'FMF' aid; ScanEagle-2 version
,,1,G280,Light transport ac,2018,PHP2 b deal; for VIP transport,,
,,16,S-70/UH-60L,Helicopter,2019,$241 m 'CUH' programme (replacing cancelled order for Bell-412 from Canada); from Polish production line,,
,,8,ScanEagle,UAV,2019,'Maritime Security Initiative' aid,,
,Poland,4,SH-2G Super Seasprite,ASW helicopter,23-Jun,2002-2003,4,Second-hand; aid (re-activation and training paid with $20-22 m US 'CEDL' loan)
,,5,C-130E Hercules,Transport aircraft,-2004,2009-2012,5,Second-hand; $120 m 'FMF' aid; modernized to C-130H before delivery
,,2,C-130E Hercules,Transport aircraft,2009,2009,2,Second-hand; 11-month lease for training and use in Afghanistan
,,-10,ScanEagle,UAV,2010,2011,-10,$7.2 m aid; for use in Afghanistan
,,-2,ScanEagle,UAV,2010,2010,-2,1 year lease for use in Afghanistan
,,-5,RQ-21A Blackjack,UAV,2018,2018,5,
,,5,C-130H Hercules,Transport aircraft,2019,Second-hand; selected but not yet ordered end-2019,,
,,32,F-35A Lightning-2,FGA aircraft,-2019,$4.6 b deal; delivery planned 2024-2030,,
,Portugal,20,F-16C,FGA aircraft,1998,2003-2012,-20,$268 m 'Peace Atlantis-2' deal (incl aircraft as aid and 5 more for spares); second-hand F-16OCU rebuilt to F-16AM (F-16C) in Portugal with kits from USA; incl 4 F-16B version
,,-3,F-16C,FGA aircraft,-2013,2019,-1,Second-hand F-16A Block-15 version (incl 1 F-16B version) rebuilt to F-16AM (F-16C) in Portugal with kits from USA
,Qatar,4,C-130J-30 Hercules,Transport aircraft,30-Jun,2011,4,$394 m deal
,,2,C-17A Globemaster-3,Heavy transport ac,2008,2009,2,$400 m deal
,,2,C-17A Globemaster-3,Heavy transport ac,-2010,2012,2,
,,24,AH-64E Apache Guardian,Combat helicopter,-2014,2019,-16,QAR8.9 b ($2.4 b) deal; option on 24 more; delivery planned 2019-2020
,,4,C-17A Globemaster-3,Heavy transport ac,2015,2015-2016,-4,
,,36,F-15 Advanced Eagle,FGA aircraft,2017,$12 b deal; F-15QA version; option of 36 more; delivery planned 2020-2022/2023,,
,Romania,-60,Shadow-600,UAV,-1997,1999-2000,-60,$23 m deal
,,5,Shadow-600,UAV,2000,2001,-5,$7.5 m deal
,,1,C-130H Hercules,Transport aircraft,2004,2007,1,Second-hand aircraft sold back to US producer; $7.8 m deal (part of $55 m deal incl modernization of 4 Romanian C-130B and $16 m' FMF' aid); modernized before delivery
,Saudi Arabia,-2,RE-3,SIGINT aircraft,-1998,2004,-2,Saudi KE-3A tanker aircraft rebuilt to RE-3 ELINT/SIGINT aircraft
,,-16,Bell-412,Helicopter,2001,2002-2003,-16,Bell-412SA or Bell-412RSAF version; from Canadian production line
,,1,RE-3,SIGINT aircraft,-2004,2007,1,Second-hand E-8B AGS aircraft rebuilt to RE-3
,,4,Citation-2,Light transport ac,-2005,2005-2006,4,
,,16,S-92/H-92 Superhawk,Transport helicopter,2007,2008-2010,-16,For police; incl for civilian police use
,,12,AH-64D Apache,Combat helicopter,2008,2011,-12,Incl 11 Saudi AH-64A rebuilt to AH-64D version
,,22,S-70/UH-60L,Helicopter,2008,2010-2011,-22,$286 m deal
,,12,AH-64E Apache Guardian,Combat helicopter,-2009,2014-2015,-12,
,,2,King Air-350 ISR,AGS aircraft,-2009,2011,2,
,,9,Schweizer-330,Light helicopter,2009,2009,-9,S-434 version
,,13,S-70/UH-60L,Helicopter,2010,2012-2013,-13,Saudi UH-60A rebuilt to UH-60L
,,3,S-70/UH-60L,Helicopter,2010,2011,3,S-70i version; from Polish production line; for police
,,-24,AH-64E Apache Guardian,Combat helicopter,-2011,2015-2016,-24,
,,84,F-15 Advanced Eagle,FGA aircraft,2011,2016-2019,-84,Part of $29 b deal; F-15SA version
,,70,F-15 Advanced Eagle,FGA aircraft,2011,2016,2,Part of $29 b deal; Saudi F-15S rebuilt to F-15SA; delivery planned 2016-2026
,,2,S-70/UH-60L,Helicopter,2011,2012,2,$27 m deal
,,12,S-70/UH-60L,Helicopter,2011,2013-2014,-12,Saudi UH-60A rebuilt to UH-60L version
,,12,AH-64E Apache Guardian,Combat helicopter,-2012,2015,-12,For National Guard
,,-9,King Air,Light transport ac,2012,2013-2014,-9,King Air-350 version
,,1,King Air,Light transport ac,2012,2013,1,Second-hand but probably modernized before delivery; King Air-350 version
,,4,King Air-350 ISR,AGS aircraft,-2012,2015-2016,-4,
,,-12,MD-500E,Light helicopter,2012,2013,12,$41 m deal; MD-530F version; for National Guard; for training
,,24,S-70/UH-60L,Helicopter,2012,2014-2015,-24,For National Guard; UH-60M version
,,2,KC-130J Hercules,Tanker/transport ac,2013,2016,2,$181 m deal
,,25,SR-22,Light aircraft,2013,2013,25,Ordered via UK company (as part of GBP1.6 b deal); for training
,,24,AH-6S,Combat helicopter,2014,2016-2018,-24,$235 m deal; AH-6i version; for National Guard
,,10,MH-60R Seahawk,ASW helicopter,2015,2018-2019,-10,
,,-2,King Air-350 ISR,AGS aircraft,2016,2019,-1,$71 m deal: delivery by 2020
,,8,S-70/UH-60L,Helicopter,2016,2017,-8,
,,24,AH-64E Apache Guardian,Combat helicopter,2017,Delivery planned by 2022,,
,,8,CH-47F Chinook,Transport helicopter,2017,Delivery planned by 2021,,
,,40,S-70/UH-60L,Helicopter,2017,2018-2019,-20,UH-60M version; including 8 for National Guard
,,-30,S-70/UH-60L,Helicopter,-2017,,,
,Senegal,2,King Air,Light transport ac,-2011,2011,2,Second-hand; King Air B-200 version; incl for civilian use
,Serbia,1,PA-34 Seneca,Light transport ac,1-Jul,2012,1,$3.5 m deal; PA-34-220T Seneca-5 version; incl for training and aerial survey
,Singapore,12,F-16C Block-50/52,FGA aircraft,1997,1999-2000,-12,$350 m 'Peace Carvin-3' deal; F-16CJ Block-52 version; incl 2 F-16DJ
,,4,KC-135 Stratotanker,Tanker/transport ac,1997,1999-2000,-4,Second-hand; $280-500 m 'Peace Guardian' deal; modernized to KC-135R before delivery
,,6,CH-47D Chinook,Transport helicopter,1998,2000,6,CH-47SD version
,,8,AH-64D Apache,Combat helicopter,1999,2002,-8,Part of $629 m 'Peace Vanguard' deal (incl $26 m for Longbow radars); stationed in USA until 2006
,,2,CH-47D Chinook,Transport helicopter,1999,2001,-2,CH-47SD version
,,2,CH-47D Chinook,Transport helicopter,1999,2000,2,CH-47SD version
,,20,F-16C Block-50/52,FGA aircraft,-2000,2004-2005,-20,'Peace Carvin-4' deal; F-16D Block-52+ version
,,2,S-70/UH-60L,Helicopter,2000,2002,-2,
,,12,AH-64D Apache,Combat helicopter,2001,2005,-12,$617 m 'Peace Vanguard' deal; stationed in USA until 2006
,,12,F-15E Strike Eagle,FGA aircraft,2005,2009-2010,-12,$1 b 'NFRP' or 'Peace Carvin 5' programme; F-15SG version
,,6,S-70B/SH-60B Seahawk,ASW helicopter,2005,2009-2010,-6,SH-70(N) version
,,12,F-15E Strike Eagle,FGA aircraft,2007,2010-2012,-12,$1 b deal; F-15SG version
,,4,G-550 AEW,AEW&C aircraft,2007,2009-2011,4,Ordered and delivered via Israel; AEW systems fitted in Israel
,,1,Gulfstream-5,Light transport ac,2008,2012,1,G-550 version; for civilian company for 20 year training of Singaporean air force pilots
,,8,F-15E Strike Eagle,FGA aircraft,-2010,2013,-8,F-15SG version
,,-12,ScanEagle,UAV,-2011,2012-2013,-12,For modernized Victory corvettes
,,2,S-70B/SH-60B Seahawk,ASW helicopter,2013,2018,2,
,,8,F-15E Strike Eagle,FGA aircraft,-2014,2016-2017,-8,F-15SG version
,,-10,CH-47F Chinook,Transport helicopter,-2016,Delivery planned from 2020,,
,,4,F-35B Lightning-2,FGA aircraft,-2019,Selected but contract not yet signed by end-2019,,
,Slovakia,9,S-70/UH-60L,Helicopter,2015,2017-2019,-9,$261 m deal; UH-60M version
,,14,F-16V,FGA aircraft,2018,EUR1.6 b ($1.8 b) deal; delivery planned 2022-2024,,
,Somalia,3,S-2RT,Light aircraft,-2013,2013,-3,Second-hand; for Puntland maritime police
,South Korea,8,RH-800RA/SIG,Reconnaissance ac,1996,2000-2001,-8,$461 m 'Paekdu/Peace Pioneer' and 'Peace Krypton' deals; incl 4 RH-800RA ground surveillance and RH-800SIG SIGINT version; deal temporarily suspended in 1998 after corruption charges
,,-4,Shadow-400,UAV,2000,2001-2002,-4,
,,8,P-3CUP Orion,ASW aircraft,2005,2010,8,$493-550 m deal; second-hand P-3B rebuilt to P-3CK (P-3CUP); 1 more for spares only
,,4,C-130J-30 Hercules,Transport aircraft,2010,2014,4,
,,36,AH-64E Apache Guardian,Combat helicopter,2013,2016-2017,-36,$1.6 b 'AH-X' programme
,,14,CH-47D Chinook,Transport helicopter,-2013,2014,14,Second-hand; KRW150 b ($130-151 m) deal
,,40,F-35A Lightning-2,FGA aircraft,2014,2018-2019,-16,KRW7.3 tr ($7 b) 'FX-3' programme (offsets incl technology transfer); delivery planned 2018-2021
,,6,P-8A Poseidon,ASW aircraft,2019,,,
,Spain,24,F/A-18A Hornet,FGA aircraft,1995,1995-2000,-24,Second-hand; $288 m deal; modernized to F/A-18A+ (EF-18A+) before delivery; option on 6 more not used; Spanish designation C-15
,,1,AV-8B Harrier-2,FGA aircraft,-1999,2000,1,Second-hand AV-8B rebuilt to TAV-8B before delivery
,,-5,AV-8B Harrier-2 Plus,FGA aircraft,2000,2002-2004,-5,Spanish AV-8B rebuilt to AV8B Plus
,,6,S-70B/SH-60B Seahawk,ASW helicopter,2000,2002-2003,6,Part of $77 m deal; SH-60B Block-1 version; Spanish designation HS-23
,,2,S-70/UH-60L,Helicopter,-2015,2017,-2,Second-hand SH-60F ASW version modified to transport version before delivery; EUR40 m deal; Spanish designation HT-23
,,4,MQ-9 Reaper,UAV,2016,2019,-4,EUR158-161 m ($177 m) deal
,,2,S-70/UH-60L,Helicopter,2017,Second-hand SH-60F ASW version modified to transport version before delivery; delivery planned 2021,,
,,17,CH-47F Chinook,Transport helicopter,2018,EUR1.1 b deal; Spanish CH-47D rebuilt to CH-47F version,,
,,2,S-70/UH-60L,Helicopter,-2019,Second-hand SH-60F ASW version modified to transport version before delivery; EUR36 m deal; delivery planned 2022-2023,,
,Sri Lanka,2,Bell-412,Helicopter,2000,2000,2,$9 m deal; incl for VIP transport; Bell-412EP version; from Canadian production line
,,1,King Air HISAR,AGS aircraft,2000,2002,1,For use against LTTE rebels
,,-2,Bell-412,Helicopter,-2010,2011,2,
,Sweden,1,Gulfstream-4,Light transport ac,2000,2000,1,Second-hand
,,8,RQ-7 Shadow-200,UAV,2010,2011,8,$31 m deal (part of $77 m deal incl 3-year training and support by Swedish company); Swedish designation AUV-3
,,15,S-70/UH-60L,Helicopter,2011,2011-2013,-15,$207 m deal; UH-60M version; Swedish designation Hkp-16A
,Switzerland,1,Centaur,Light aircraft/UAV,4-Jul,2012,1,For testing of sensors and UAV technologies
,Taiwan,-21,AH-1W SuperCobra,Combat helicopter,1997,2000-2002,-21,$479 m deal
,,11,S-70B/SH-60B Seahawk,ASW helicopter,1997,2000-2001,-11,S-70C(M)-2 Thunderhawk version
,,13,Bell-206/OH-58D(I),Combat helicopter,1999,1999-2001,-13,Assembled from kits in Taiwan
,,9,CH-47D Chinook,Transport helicopter,1999,2002-2003,-9,$300-486 m deal; CH-47SD version
,,2,E-2C Hawkeye-2000,AEW&C aircraft,1999,2005,2,$400 m deal; E-2T/Hawkeye-2000 version
,,12,P-3CUP Orion,ASW aircraft,-2008,2012-2015,-12,$664 m deal (offsets 70%); second-hand P-3C rebuilt to P-3CUP
,,30,AH-64E Apache Guardian,Combat helicopter,-2010,2012-2014,-30,$2 b deal
,,4,S-70/UH-60L,Helicopter,2011,2014,-4,UH-60M version; $49 m deal
,,-45,S-70/UH-60L,Helicopter,-2012,2014-2019,-45,UH-60M version
,,66,F-16V,FGA aircraft,2019,NTD247 b deal; delivery planned by 2026,,
,Thailand,20,Bell-212/UH-1N,Helicopter,1993,1997-2000,-20,$130 m deal; from Canadian production line
,,16,F-16A,FGA aircraft,2000,2002-2003,-16,Second-hand but modernized before delivery; $130-157 m 'Peace Naresuan-4' deal (incl 2 more for spare parts only); F-16 Block-15 version; incl 1 F-16B version
,,30,Bell-205/UH-1H,Helicopter,2001,2002-2004,-30,Second-hand but modernized before delivery; $30 m aid
,,3,S-70/UH-60L,Helicopter,2001,2001-2002,-3,$30-36 m deal; for patrol and anti-narcotics operations along border with Myanmar
,,-4,S-70/UH-60L,Helicopter,2003,2004-2005,4,THB3 b deal
,,-4,AH-1F Cobra,Combat helicopter,-2005,2011-2012,-4,Second-hand but modernized before delivery; aid
,,2,S-70/UH-60L,Helicopter,2007,2011,2,$58 m deal; MH-60S version; bought after 2004 natural disaster as reaction to lack of helicopters for SAR
,,1,Aeros-40 Sky Dragon,Airship,2009,2009,1,Part of $9.7 m deal; Aeros-40D version; for reconnaissance/ground surveillance role
,,2,Bell-214,Helicopter,-2010,2011,2,Second-hand; Bell-214EP version
,,16,Enstrom-480,Light helicopter,2010,2011-2012,16,THB1.2 b ($40 m) deal; for training
,,3,S-70/UH-60L,Helicopter,2012,2013,3,Possibly THB2.8 b ($90 m) deal; UH-60M version
,,-3,S-70/UH-60L,Helicopter,2012,2014,3,UH-60M version
,,1,Saab-340,Transport aircraft,2012,2012,1,Second-hand
,,-1,S-70/UH-60L,Helicopter,2013,2016,1,$11.4 m deal; UH-60M version
,,2,Saab-340,Transport aircraft,2016,2017,2,Second-hand; probably for modification to SIGINT aircraft
,,8,AH-6S,Combat helicopter,-2019,AH-6i version; selected 2019 but not yet ordered by end-2019,,
,Trinidad and Tobago,2,Metro-3/C-26,Transport aircraft,1998,2000,2,Second-hand; aid; C-26B version
,,2,PA-31 Navajo,Light transport ac,2000,2000-2001,-2,Second-hand but modernized before delivery; aid
,,4,AW139,Helicopter,2009,2011-2012,4,$348 m deal (incl training and 5 year support)
,Tunisia,1,C-130B Hercules,Transport aircraft,-2001,2002,1,Second-hand
,,-10,Bell-205/UH-1H,Helicopter,2006,2008-2011,-10,Second-hand; aid; modernized before delivery
,,2,C-130J-30 Hercules,Transport aircraft,2010,2013-2014,2,
,,8,S-70/UH-60L,Helicopter,2015,2017-2018,8,UH-60M version
,,24,Bell-206/OH-58D(I),Combat helicopter,2016,2016-2017,-24,Second-hand; aid; OH-58D version
,,3,Bell-429 GlobalRanger,Light helicopter,-2016,2017,3,For National Guard
,,12,MX-7,Light aircraft,2016,2016,12,Aid (for protection of border with Libya)
,,4,S-70/UH-60L,Helicopter,2016,2019,-2,$38 m deal; delivery 2019/2020
,Turkey,8,S-70B/SH-60B Seahawk,ASW helicopter,1998,2002,-8,S-70B-28 version
,,50,S-70/UH-60L,Helicopter,1999,1999-2002,-50,"$561 m deal (offsets $110 m); originally ordered 1992, but deal suspended 1994-1999 for financial reasons and as reaction to US policy towards Turkish actions against Kurds; S-70A-28 and S-70A-28D versions; Turkish designation Karaku"
,,2,S-70/UH-60L,Helicopter,2003,2004,-2,$27 m deal; Turkish designation Karaku
,,17,S-70B/SH-60B Seahawk,ASW helicopter,2006,2012-2014,-17,Part of $500 m deal (mainly financed with US loan; offsets 50%); delivery delayed from 2009-2010
,,46,Cessna-180 Skywagon,Light aircraft,2009,2009-2010,46,Cessna-T182T Skylane version; for training
,,3,AH-1W SuperCobra,Combat helicopter,2011,2012,3,Second-hand
,,6,CH-47F Chinook,Transport helicopter,-2011,2016,6,$400 m deal
,,5,King Air,Light transport ac,2012,2012,5,Second-hand King Air-350 version but modified to surveillance aircraft before delivery; $70 m 2-year lease (extended after 2 years)
,,4,CH-47F Chinook,Transport helicopter,2015,2018-2019,-4,Part of $131 m deal
,UAE,80,F-16E,FGA aircraft,2000,2004-2008,-80,$5 b deal (incl $400 m for engines; $3 b advance payments incl for development of avionics and radar; part of $6.8 b deal); incl 25 F-16F version
,,2,C-130H-30 Hercules,Transport aircraft,2001,2001-2002,-2,Second-hand; L-100-30 version; modernized in UK before delivery
,,8,Cessna-208 Caravan,Light transport ac,-2005,2005-2007,8,Cessna-208B version
,,30,AH-64D Apache,Combat helicopter,2007,2008-2009,-30,Part of $1.5 b deal; UAE AH-64A rebuilt to AH-64D Longbow version
,,4,Dash-8,Transport aircraft,2007,2007,4,Second-hand; for conversion to maritime patrol aircraft
,,10,S-70/UH-60L,Helicopter,2007,2008,10,S-70A version
,,4,CH-47F Chinook,Transport helicopter,2008,2010,4,
,,10,S-70/UH-60L,Helicopter,-2008,2009-2010,-10,
,,6,C-17A Globemaster-3,Heavy transport ac,-2009,2011-2012,-6,
,,14,S-70/UH-60L,Helicopter,2009,2012-2013,-14,$209 m deal; UH-60M armed version
,,24,AT-802U,Ground attack ac,2010,2010-2014,24,
,,1,F-16E,FGA aircraft,2010,2012,1,
,,26,S-70/UH-60L,Helicopter,2010,2011-2012,-26,Armed UH-60M version
,,-12,CH-47F Chinook,Transport helicopter,2011,2012-2015,-12,
,,30,Bell-407,Light helicopter,-2013,2014-2016,-30,Bell-407MRH or Bell-407GX armed version
,,24,Archangel-BPA,Ground attack ac,2014,2015-2017,-24,Assembled in UAE
,,-10,RQ-1 Predator,UAV,-2014,2017,-10,AED722 m ($200 m) deal; Predator XP (RQ-1E) version
,,2,C-17A Globemaster-3,Heavy transport ac,2015,2015,2,AED2.3 b deal
,,17,AH-64E Apache Guardian,Combat helicopter,2018,Including 8 UAE AH-64D rebuilt to AH-64E,,
,Uganda,1,L-39Z Albatros,Trainer/combat ac,-2009,2009,1,
,,2,Cessna-208 Caravan,Light transport ac,2014,2015,2,Aid; Cessna-208B version
,,5,Bell-205/UH-1 Huey-2,Helicopter,2016,2017,5,$35 m aid; second-hand UH-1H rebuilt to UH-1H-2 before delivery
,United Kingdom,15,C-130J-30 Hercules,Transport aircraft,1990,1999-2001,-15,Part of $1.56 b deal (offsets 100%); UK designation Hercules C-4
,,10,C-130J Hercules,Transport aircraft,1994,1998-2000,-10,Part of $1.56 b deal (offsets 100%); UK designation Hercules C-5
,,8,MH-47E Chinook,Transport helicopter,1995,2000-2001,-8,GBP259 m ($365 m) deal; delivery delayed from 1998 to 2001 because of technical problems and kept in storage after delivery (never used operationally); originally delivered as MH-47E (Chinook HC-3) armed special operations version but due to technical pro
,,4,C-17A Globemaster-3,Heavy transport ac,2000,2001,4,GBP650 m-GBP1 b 'STSA' 7-year lease (incl $230 m for training and support; bought after lease); C-17 Block-12 version
,,6,Bell-412,Helicopter,2002,2002-2003,-6,Operated by civilian company for the UK armed forces pilot training and for SAR at UK base on Cyprus; Bell-412EP version; UK designation Griffin HT-1 and HAR-3; from Canadian production line
,,7,King Air,Light transport ac,-2002,2003-2004,7,Bought and operated by civilian company for training of UK pilots; King Air B-200 version
,,1,C-17A Globemaster-3,Heavy transport ac,2006,2008,1,Delivery 2008
,,3,MQ-9 Reaper,Armed UAV,2006,2007-2008,3,Part of $77 m 'Project Dabinett'; for use in Afghanistan
,,1,C-17A Globemaster-3,Heavy transport ac,2007,2008,1,GBP130 m deal
,,3,King Air,Light transport ac,-2007,2009,-3,Bought and operated by civilian company for training of UK pilots; King Air B-200GT version
,,4,King Air-350 ISR,AGS aircraft,2007,2009,4,UK designation Shadow R-1; possibly incl for SIGINT; lease
,,4,King Air Maritime,MP aircraft,-2008,2011,4,For training; King Air-350ER version; UK designation Avenger T-1
,,2,MQ-9 Reaper,Armed UAV,2008,2009,2,For use in Afghanistan
,,1,MQ-9 Reaper,Armed UAV,2008,2010,1,For use in Afghanistan
,,1,C-17A Globemaster-3,Heavy transport ac,-2009,2010,1,
,,1,King Air-350 ISR,AGS aircraft,-2010,2011,1,UK designation Shadow R-1; possibly incl for SIGINT
,,5,MQ-9 Reaper,Armed UAV,-2010,2014,5,For use in Afghanistan
,,3,RC-135 Rivet Joint,SIGINT aircraft,2010,2013-2017,3,GBP680 m ($1 b) 'Project Helix' or 'Airseeker' deal; second-hand KC-135R tanker aircraft rebuilt to RC-135W
,,1,C-17A Globemaster-3,Heavy transport ac,2012,2012,1,GBP200 m deal
,,1,King Air,Light transport ac,-2012,2013,1,King Air-300C version; for training
,,-5,ScanEagle,UAV,2013,2014,-5,GBP30 m ($46 m) 'MarUAS' deal; leased and operated by producer for UK navy
,,9,P-8A Poseidon,ASW aircraft,2016,2019,1,GBP3 b ($3.9 b) deal; UK designation Poseidon MRA-1; delivery planned 2019-2021
,,10,PC-9,Trainer aircraft,2016,2018,10,Part of 'MFTS' programme; for UK company for training UK armed forces in 'MFTS' programme; T-6C version; UK designation Texan T-1
,,16,Protector CPB,Armed UAV,2016,GBP415 m ($607 m) 'Protector' programme; Certifiable Protector-B version; delivery planned from 2021,,
,Unknown recipient(s),-6,RQ-21A Blackjack,UAV,2013,2014-2015,-6,Recipient is Middle Eastern country
,Uruguay,1,Bell-212/UH-1N,Helicopter,2019,2019,1,Second-hand; aid
,Venezuela,-3,Bell-412,Helicopter,-2001,2003,-3,Bell-412EP version; from Canadian production line
,,4,F-28,Light helicopter,2001,2002,4,F-280FX version; for National Guard; for training
,,16,Enstrom-480,Light helicopter,2014,2015,-16,Probably $41 m deal; TH-480B version; for training
,Yemen,4,Bell-205/UH-1 Huey-2,Helicopter,2-Jul,2011,4,$27 m aid; second-hand UH-1H rebuilt to UH-1H-2
,,2,Cessna-208 Caravan,Light transport ac,2012,2013,2,Cessna-208B-ISR surveillance version or AC-208B armed version; aid
,,-1,King Air-350 ISR,AGS aircraft,2014,2015,-1,Designation uncertain (possibly King Air-350 SPYDR version)