category,recipient,year ordered,year delivered
aircraft,Afghanistan,3-Jul,2011-2012
aircraft,Angola,-2015,2017
aircraft,Chile,2016,2018
aircraft,Montenegro,2018,2018
aircraft,Philippines,2018,2019
aircraft,Australia,2000,2009-2010
aircraft,Australia,2004,2011-2012
aircraft,Australia,-2009,2014-2019
aircraft,Australia,2014,2016-2019
aircraft,Canada,26-Jun,2015-2019
aircraft,Canada,-2008,2010-2012
aircraft,Chile,-2011,2013
aircraft,Finland,1992,1995-2000
aircraft,France,1999,2004
aircraft,India,1-Jul,2012-2015
aircraft,India,2013,2017
aircraft,India,2015,2019
aircraft,India,2016,2020
aircraft,India,-2017,2019
aircraft,Israel,1999,2004-2006
aircraft,Israel,2001,2006-2009
aircraft,Israel,2010,2016-2019
aircraft,Israel,2015,2019
aircraft,Italy,1980,1983-2007
aircraft,Italy,2002,2011-2012
aircraft,Italy,-2006,2015-2019
aircraft,Italy,-2006,2018-2019
aircraft,Italy,2009,2014-2018
aircraft,Italy,2012,2016-2018
aircraft,Japan,1977,1978-2001
aircraft,Japan,1982,1984-2000
aircraft,Japan,1984,1986-2017
aircraft,Japan,1988,1991-2005
aircraft,Japan,1988,1990-2013
aircraft,Japan,1995,1998-2010
aircraft,Japan,1995,1998-2018
aircraft,Japan,1997,2005-2019
aircraft,Japan,2001,2006-2016
aircraft,Japan,-2010,2013-2018
aircraft,Japan,2017,2020
aircraft,Netherlands,30-Jun,2012-2019
aircraft,Norway,-2008,2015-2019
aircraft,Peru,-2009,2009
aircraft,Philippines,1997,2005
aircraft,Poland,25-Jun,2006-2008
aircraft,Poland,2019,2019
aircraft,South Korea,1991,1994-2001
aircraft,South Korea,2000,2003-2004
aircraft,South Korea,2002,2005-2008
aircraft,South Korea,2006,2011-2012
aircraft,South Korea,2008,2010-2012
aircraft,South Korea,2014,2019
aircraft,Turkey,24-Jun,2014-2015
aircraft,Turkey,2007,2011-2012
aircraft,Turkey,-2014,2018
aircraft,United Kingdom,1996,2000-2004
aircraft,United Kingdom,-2006,2012-2019
aircraft,United Kingdom,2011,2014-2015
aircraft,Afghanistan,3-Jul,2011
aircraft,Afghanistan,2011,2011
aircraft,Afghanistan,-2012,2013-2015
aircraft,Afghanistan,2014,2015
aircraft,Afghanistan,-2015,2016
aircraft,Afghanistan,2015,2016-2018
aircraft,Afghanistan,2016,2017-2019
aircraft,Afghanistan,2017,2018-2019
aircraft,Afghanistan,2017,2019
aircraft,Afghanistan,2018,2018-2019
aircraft,Afghanistan,-2019,2019
aircraft,Algeria,2000,2001
aircraft,Algeria,2000,2001-2002
aircraft,Algeria,-2001,2002
aircraft,Algeria,-2009,2010-2011
aircraft,Angola,-2012,2013
aircraft,Argentina,-1992,1992-2001
aircraft,Argentina,1994,1997-2000
aircraft,Argentina,1996,1997-2000
aircraft,Argentina,-2001,2001
aircraft,Argentina,2001,2001
aircraft,Argentina,2004,2005-2008
aircraft,Argentina,-2006,2007
aircraft,Argentina,-2006,2010-2019
aircraft,Argentina,2007,2008-2009
aircraft,Argentina,2009,2011-2012
aircraft,Argentina,-2011,2013
aircraft,Argentina,2014,2015
aircraft,Argentina,2014,2015
aircraft,Argentina,-2014,2015
aircraft,Argentina,2015,2015
aircraft,Argentina,2015,2015
aircraft,Argentina,2015,2015
aircraft,Argentina,-2016,2016
aircraft,Argentina,-2017,2017
aircraft,Argentina,2017,2017-2019
aircraft,Australia,1995,1999-2000
aircraft,Australia,1998,2001
aircraft,Australia,2002,2003-2004
aircraft,Australia,2005,2005-2006
aircraft,Australia,2006,2006-2008
aircraft,Australia,2007,2010-2011
aircraft,Australia,2007,2007
aircraft,Australia,-2009,2010
aircraft,Australia,2010,2011-2012
aircraft,Australia,2011,2012
aircraft,Australia,2011,2011
aircraft,Australia,2011,2012
aircraft,Australia,2011,2013-2016
aircraft,Australia,2012,2012
aircraft,Australia,2012,2015
aircraft,Australia,2013,2015-2017
aircraft,Australia,-2015,2016
aircraft,Australia,2015,2015
aircraft,Australia,2016,2016
aircraft,Austria,2000,2002
aircraft,Bahamas,-2005,2005
aircraft,Bahamas,2007,2009
aircraft,Bahrain,1998,2000
aircraft,Bahrain,2001,2005-2007
aircraft,Bahrain,2005,2006
aircraft,Bahrain,2007,2010
aircraft,Bangladesh,1999,2000
aircraft,Belgium,29-Jun,2009
aircraft,Bolivia,1999,1999-2000
aircraft,Bolivia,-2010,2011-2012
aircraft,Bolivia,-2012,2013
aircraft,Bolivia,-2012,2013
aircraft,Bolivia,-2013,2014
aircraft,Botswana,-1999,2001
aircraft,Botswana,-2018,2018
aircraft,Botswana,-2018,2019
aircraft,Brazil,-1999,2001
aircraft,Brazil,2001,2001-2002
aircraft,Brazil,2002,2011-2014
aircraft,Brazil,-2005,2005-2008
aircraft,Brazil,2006,2006-2008
aircraft,Brazil,2009,2012-2013
aircraft,Brazil,2009,2011
aircraft,Brazil,2009,2012
aircraft,Brazil,2010,2011
aircraft,Brazil,2013,2015
aircraft,Brazil,2016,2016
aircraft,Brunei,3-Jul,2013-2015
aircraft,Burkina Faso,28-Jun,2006
aircraft,Cameroon,-2009,2010
aircraft,Cameroon,-2015,2015
aircraft,Cameroon,2015,2016
aircraft,Cameroon,2016,2018
aircraft,Cameroon,-2018,2019
aircraft,Canada,1997,2000
aircraft,Canada,2002,2002
aircraft,Canada,2007,2007-2008
aircraft,Canada,2008,2008-2009
aircraft,Canada,2009,2013-2014
aircraft,Canada,-2014,2015
aircraft,Canada,2016,2017
aircraft,Central African Republic,28-Jun,2006
aircraft,Chad,-2006,2006
aircraft,Chad,2016,2017
aircraft,Chile,-1996,1997-2000
aircraft,Chile,2000,2000
aircraft,Chile,-2000,2001
aircraft,Chile,-2000,2001
aircraft,Chile,2003,2006-2007
aircraft,Chile,2007,2009
aircraft,Chile,-2009,2009-2011
aircraft,Chile,-2009,2010-2012
aircraft,Chile,-2012,2013-2015
aircraft,Chile,-2013,2015-2016
aircraft,Chile,2014,2015
aircraft,Chile,2016,2016-2017
aircraft,Colombia,1998,1999-2002
aircraft,Colombia,1998,1999-2000
aircraft,Colombia,-2000,2002-2003
aircraft,Colombia,2000,2000
aircraft,Colombia,-2000,2002
aircraft,Colombia,2000,2001
aircraft,Colombia,2000,2001
aircraft,Colombia,2000,2002-2003
aircraft,Colombia,2001,2003
aircraft,Colombia,2002,2002
aircraft,Colombia,2002,2002
aircraft,Colombia,-2002,2002
aircraft,Colombia,2004,2005-2007
aircraft,Colombia,-2005,2007
aircraft,Colombia,-2006,2007
aircraft,Colombia,-2006,2007
aircraft,Colombia,-2006,2007
aircraft,Colombia,-2006,2006-2007
aircraft,Colombia,2007,2010
aircraft,Colombia,2007,2009
aircraft,Colombia,2008,2011
aircraft,Colombia,2008,2009
aircraft,Colombia,2008,2008
aircraft,Colombia,2008,2009-2010
aircraft,Colombia,-2008,2009-2010
aircraft,Colombia,2008,2009
aircraft,Colombia,2008,2011-2012
aircraft,Colombia,-2008,2008-2010
aircraft,Colombia,-2009,2010-2013
aircraft,Colombia,2009,2010-2014
aircraft,Colombia,-2010,2011
aircraft,Colombia,2010,2010
aircraft,Colombia,-2010,2011
aircraft,Colombia,-2010,2011
aircraft,Colombia,2011,2013-2019
aircraft,Colombia,-2011,2012
aircraft,Colombia,2011,2012
aircraft,Colombia,-2012,2013
aircraft,Colombia,2012,2013-2014
aircraft,Colombia,2012,2013
aircraft,Colombia,-2012,2013
aircraft,Colombia,-2012,2013
aircraft,Colombia,2012,2013
aircraft,Colombia,2013,2013
aircraft,Colombia,-2013,2013
aircraft,Colombia,2015,2016-2017
aircraft,Colombia,-2016,2017
aircraft,Colombia,-2016,2017
aircraft,Colombia,2018,2019
aircraft,Costa Rica,4-Jul,2012-2014
aircraft,Croatia,2016,2016
aircraft,Croatia,-2018,2020
aircraft,Czechia,2014,2015
aircraft,Czechia,2017,2018
aircraft,Denmark,2000,2004
aircraft,Denmark,2004,2007
aircraft,Denmark,2012,2016-2018
aircraft,Dominican Republic,-2000,2001-2002
aircraft,Dominican Republic,-2000,2001-2002
aircraft,Dominican Republic,-2002,2004
aircraft,Dominican Republic,2002,2003-2004
aircraft,Dominican Republic,-2003,2003-2004
aircraft,Dominican Republic,-2014,2015
aircraft,Dominican Republic,2015,2016
aircraft,DR Congo,1-Jul,2009
aircraft,Ecuador,-2001,2002
aircraft,Ecuador,2008,2009-2010
aircraft,Ecuador,2009,2010
aircraft,Egypt,1996,1999-2000
aircraft,Egypt,1999,2001-2002
aircraft,Egypt,-2000,2003-2006
aircraft,Egypt,2001,2003
aircraft,Egypt,2004,2004
aircraft,Egypt,2008,2010
aircraft,Egypt,-2010,2014
aircraft,Egypt,2010,2013-2015
aircraft,Egypt,2011,2012
aircraft,El Salvador,-2001,2002-2003
aircraft,El Salvador,2011,2012
aircraft,Equatorial Guinea,-2007,2007
aircraft,Estonia,23-Jun,2002
aircraft,Estonia,2017,2019
aircraft,Ethiopia,-2013,2014
aircraft,Ethiopia,2017,2018
aircraft,France,25-Jun,2003-2004
aircraft,France,2012,2012
aircraft,France,2012,2012
aircraft,France,2013,2013-2017
aircraft,France,2016,2017-2018
aircraft,France,2016,2019
aircraft,France,2016,2018-2019
aircraft,France,2018,2020
aircraft,Georgia,1999,2001
aircraft,Greece,1998,2000-2001
aircraft,Greece,1998,2001-2002
aircraft,Greece,1999,2001
aircraft,Greece,1999,2000-2003
aircraft,Greece,2000,2003-2004
aircraft,Greece,2000,2002
aircraft,Greece,2000,2003-2004
aircraft,Greece,2001,2004
aircraft,Greece,2002,2003
aircraft,Greece,2003,2007
aircraft,Greece,2005,2009-2010
aircraft,Greece,2015,2016-2019
aircraft,Greece,2017,2019
aircraft,Guatemala,-2017,2018
aircraft,Guatemala,2018,2018
aircraft,Guatemala,2018,2018
aircraft,Honduras,29-Jun,2008
aircraft,Honduras,2011,2011-2012
aircraft,Honduras,-2015,2015-2018
aircraft,India,28-Jun,2007
aircraft,India,2008,2010-2011
aircraft,India,2011,2013-2014
aircraft,India,2015,2019
aircraft,India,2017,2019
aircraft,India,-2018,2019
aircraft,Indonesia,-1996,2006
aircraft,Indonesia,2010,2012-2014
aircraft,Indonesia,-2010,2011
aircraft,Indonesia,2012,2014-2017
aircraft,Indonesia,2012,2012
aircraft,Indonesia,2013,2013
aircraft,Indonesia,-2014,2017-2018
aircraft,Indonesia,-2014,2015
aircraft,Indonesia,2014,2015
aircraft,Indonesia,-2016,2017
aircraft,Iraq,-2004,2005
aircraft,Iraq,2004,2004
aircraft,Iraq,2005,2007
aircraft,Iraq,-2005,2007-2009
aircraft,Iraq,2007,2008-2009
aircraft,Iraq,2007,2007-2009
aircraft,Iraq,2007,2007
aircraft,Iraq,2007,2008
aircraft,Iraq,2009,2012-2013
aircraft,Iraq,2009,2010
aircraft,Iraq,2009,2012-2013
aircraft,Iraq,2009,2009-2010
aircraft,Iraq,-2010,2011
aircraft,Iraq,2011,2014-2015
aircraft,Iraq,2013,2016-2017
aircraft,Iraq,2013,2014
aircraft,Iraq,-2014,2015
aircraft,Iraq,2014,2016
aircraft,Israel,-1998,2000
aircraft,Israel,2000,2001
aircraft,Israel,-2001,2002-2005
aircraft,Israel,2001,2005-2006
aircraft,Israel,2001,2005-2007
aircraft,Israel,2001,2002-2003
aircraft,Israel,2001,2002
aircraft,Israel,2002,2003
aircraft,Israel,2003,2007
aircraft,Israel,2004,2006
aircraft,Israel,2004,2004-2005
aircraft,Israel,-2005,2006
aircraft,Israel,2008,2009-2010
aircraft,Israel,2010,2011
aircraft,Israel,2010,2013-2015
aircraft,Israel,2011,2012
aircraft,Israel,-2011,2012
aircraft,Israel,2013,2016-2018
aircraft,Israel,2016,2016
aircraft,Israel,-2017,2019
aircraft,Italy,1997,2002-2003
aircraft,Italy,1997,2000-2001
aircraft,Italy,2000,2004-2005
aircraft,Italy,2001,2003-2004
aircraft,Italy,2001,2004
aircraft,Italy,-2004,2005
aircraft,Italy,-2008,2010
aircraft,Italy,2009,2010
aircraft,Italy,2010,2015
aircraft,Italy,2011,2012
aircraft,Italy,-2011,2013
aircraft,Italy,2012,2012
aircraft,Italy,-2014,2015
aircraft,Jamaica,-2006,2007-2008
aircraft,Jamaica,-2008,2008
aircraft,Jamaica,-2010,2010
aircraft,Jamaica,2017,2018
aircraft,Jamaica,-2018,2018-2019
aircraft,Japan,1994,1996-2000
aircraft,Japan,1997,1999-2004
aircraft,Japan,2003,2008-2010
aircraft,Japan,-2007,2008-2009
aircraft,Japan,2010,2011-2015
aircraft,Japan,-2012,2016-2019
aircraft,Japan,-2012,2014-2016
aircraft,Japan,2012,2013
aircraft,Japan,2015,2019
aircraft,Japan,2015,2018-2019
aircraft,Jordan,1998,2000-2001
aircraft,Jordan,-2000,2001
aircraft,Jordan,2003,2003-2007
aircraft,Jordan,2004,2007
aircraft,Jordan,-2007,2008
aircraft,Jordan,2009,2009-2011
aircraft,Jordan,-2010,2011-2012
aircraft,Jordan,2014,2016
aircraft,Jordan,-2014,2015
aircraft,Jordan,2014,2014-2015
aircraft,Jordan,2015,2016
aircraft,Jordan,-2015,2015-2016
aircraft,Jordan,-2016,2017
aircraft,Kazakhstan,-2003,2004
aircraft,Kazakhstan,2007,2007
aircraft,Kazakhstan,2011,2012-2017
aircraft,Kenya,2014,2015
aircraft,Kenya,2015,2016
aircraft,Kenya,2016,2016-2017
aircraft,Kenya,2016,2020
aircraft,Kenya,2018,2019
aircraft,Kuwait,25-Jun,2007
aircraft,Kuwait,2009,2014
aircraft,Kuwait,-2011,2014
aircraft,Kuwait,2013,2014
aircraft,Lebanon,1998,1999-2000
aircraft,Lebanon,-2003,2005
aircraft,Lebanon,-2008,2009
aircraft,Lebanon,-2011,2013
aircraft,Lebanon,2012,2012
aircraft,Lebanon,2014,2016-2017
aircraft,Lebanon,2015,2016
aircraft,Lebanon,2017,2019
aircraft,Lithuania,-2012,2012
aircraft,Macedonia,2000,2000
aircraft,Macedonia,2001,2001
aircraft,Malaysia,4-Jul,2013
aircraft,Malaysia,2016,2020
aircraft,Malta,1-Jul,2011
aircraft,Malta,-2010,2012
aircraft,Malta,2015,2017
aircraft,Mauritania,2014,2014
aircraft,Mexico,-1998,1999-2002
aircraft,Mexico,-1999,1999-2000
aircraft,Mexico,-1999,2000
aircraft,Mexico,-2000,2002
aircraft,Mexico,2000,2000
aircraft,Mexico,2000,2000
aircraft,Mexico,2000,2000
aircraft,Mexico,-2002,2004
aircraft,Mexico,-2003,2006
aircraft,Mexico,2008,2009
aircraft,Mexico,2008,2008
aircraft,Mexico,-2009,2010
aircraft,Mexico,2009,2009
aircraft,Mexico,2010,2011
aircraft,Mexico,2010,2011
aircraft,Mexico,-2011,2012
aircraft,Mexico,-2013,2016
aircraft,Mexico,2013,2014-2015
aircraft,Mexico,-2013,2014
aircraft,Mexico,2014,2015
aircraft,Mexico,-2014,2015-2016
aircraft,Mexico,2014,2015-2016
aircraft,Mexico,-2014,2015-2016
aircraft,Mexico,2014,2014
aircraft,Mexico,-2014,2016-2018
aircraft,Mexico,2014,2016-2017
aircraft,Mexico,2014,2015-2017
aircraft,Mexico,2014,2015
aircraft,Mexico,-2014,2016-2017
aircraft,Mexico,2015,2015-2016
aircraft,Mexico,2015,2015-2016
aircraft,Mexico,2015,2016-2017
aircraft,Mexico,2015,2017
aircraft,Mexico,-2018,2018
aircraft,Morocco,30-Jun,2011-2012
aircraft,Morocco,2009,2011-2012
aircraft,Morocco,2012,2015
aircraft,Morocco,2016,2018
aircraft,Morocco,-2018,2019
aircraft,NATO**,1-Jul,2009
aircraft,NATO**,2009,2009
aircraft,NATO**,2012,2019
aircraft,Nepal,-2018,2019
aircraft,Netherlands,1995,1998-2002
aircraft,Netherlands,2004,2004
aircraft,Netherlands,2005,2010
aircraft,Netherlands,2007,2012-2013
aircraft,Netherlands,2012,2014-2015
aircraft,Netherlands,2012,2012
aircraft,Netherlands,-2012,2013
aircraft,Netherlands,2016,2020
aircraft,Netherlands,2018,2020
aircraft,New Zealand,1997,2001-2002
aircraft,New Zealand,1999,2003
aircraft,New Zealand,2013,2014-2015
aircraft,New Zealand,2014,2014-2015
aircraft,New Zealand,2017,2018
aircraft,Niger,-2013,2013
aircraft,Niger,-2013,2015
aircraft,Niger,2014,2015
aircraft,Niger,-2015,2020
aircraft,Nigeria,2013,2014
aircraft,Nigeria,2014,2015-2018
aircraft,Norway,29-Jun,2008-2010
aircraft,Norway,2012,2012
aircraft,Oman,24-Jun,2005-2008
aircraft,Oman,2009,2012
aircraft,Oman,2010,2013-2014
aircraft,Oman,2011,2014
aircraft,Oman,2015,2015-2016
aircraft,Pakistan,-2001,2002
aircraft,Pakistan,-2001,2002
aircraft,Pakistan,2003,2009-2012
aircraft,Pakistan,2004,2007
aircraft,Pakistan,2004,2004-2005
aircraft,Pakistan,2004,2005-2007
aircraft,Pakistan,2005,2005-2008
aircraft,Pakistan,2005,2007-2012
aircraft,Pakistan,-2007,2008
aircraft,Pakistan,2007,2010
aircraft,Pakistan,-2008,2009
aircraft,Pakistan,2008,2011
aircraft,Pakistan,2009,2010
aircraft,Pakistan,2009,2009
aircraft,Pakistan,2009,2010
aircraft,Pakistan,-2011,2013-2018
aircraft,Pakistan,-2013,2013
aircraft,Pakistan,-2013,2015
aircraft,Pakistan,2014,2015
aircraft,Pakistan,2015,2016
aircraft,Pakistan,-2015,2016
aircraft,Pakistan,2016,2016
aircraft,Pakistan,2016,2017
aircraft,Panama,30-Jun,2009
aircraft,Panama,2010,2012
aircraft,Panama,-2017,2018
aircraft,Paraguay,2-Jul,2011-2012
aircraft,Paraguay,2012,2012-2013
aircraft,Peru,-2001,2001
aircraft,Peru,2002,2002
aircraft,Peru,2002,2003-2004
aircraft,Peru,2002,2002
aircraft,Peru,-2004,2004-2005
aircraft,Peru,-2004,2006
aircraft,Peru,2008,2009
aircraft,Peru,2009,2009
aircraft,Peru,2009,2010-2013
aircraft,Peru,-2010,2011
aircraft,Peru,-2010,2011
aircraft,Peru,2010,2011
aircraft,Peru,-2013,2013
aircraft,Peru,-2015,2015
aircraft,Peru,-2015,2015
aircraft,Peru,-2015,2015
aircraft,Philippines,23-Jun,2002-2003
aircraft,Philippines,-2001,2001
aircraft,Philippines,2003,2007-2008
aircraft,Philippines,2003,2004-2005
aircraft,Philippines,2003,2006-2007
aircraft,Philippines,2004,2004
aircraft,Philippines,-2009,2011
aircraft,Philippines,-2009,2009
aircraft,Philippines,2013,2014
aircraft,Philippines,2014,2015
aircraft,Philippines,-2014,2016
aircraft,Philippines,2016,2017
aircraft,Philippines,2017,2018
aircraft,Poland,23-Jun,2002-2003
aircraft,Poland,-2004,2009-2012
aircraft,Poland,2009,2009
aircraft,Poland,2010,2011
aircraft,Poland,2010,2010
aircraft,Poland,2018,2018
aircraft,Portugal,1998,2003-2012
aircraft,Portugal,-2013,2019
aircraft,Qatar,30-Jun,2011
aircraft,Qatar,2008,2009
aircraft,Qatar,-2010,2012
aircraft,Qatar,-2014,2019
aircraft,Qatar,2015,2015-2016
aircraft,Romania,-1997,1999-2000
aircraft,Romania,2000,2001
aircraft,Romania,2004,2007
aircraft,Saudi Arabia,-1998,2004
aircraft,Saudi Arabia,2001,2002-2003
aircraft,Saudi Arabia,-2004,2007
aircraft,Saudi Arabia,-2005,2005-2006
aircraft,Saudi Arabia,2007,2008-2010
aircraft,Saudi Arabia,2008,2011
aircraft,Saudi Arabia,2008,2010-2011
aircraft,Saudi Arabia,-2009,2014-2015
aircraft,Saudi Arabia,-2009,2011
aircraft,Saudi Arabia,2009,2009
aircraft,Saudi Arabia,2010,2012-2013
aircraft,Saudi Arabia,2010,2011
aircraft,Saudi Arabia,-2011,2015-2016
aircraft,Saudi Arabia,2011,2016-2019
aircraft,Saudi Arabia,2011,2016
aircraft,Saudi Arabia,2011,2012
aircraft,Saudi Arabia,2011,2013-2014
aircraft,Saudi Arabia,-2012,2015
aircraft,Saudi Arabia,2012,2013-2014
aircraft,Saudi Arabia,2012,2013
aircraft,Saudi Arabia,-2012,2015-2016
aircraft,Saudi Arabia,2012,2013
aircraft,Saudi Arabia,2012,2014-2015
aircraft,Saudi Arabia,2013,2016
aircraft,Saudi Arabia,2013,2013
aircraft,Saudi Arabia,2014,2016-2018
aircraft,Saudi Arabia,2015,2018-2019
aircraft,Saudi Arabia,2016,2019
aircraft,Saudi Arabia,2016,2017
aircraft,Saudi Arabia,2017,2018-2019
aircraft,Senegal,-2011,2011
aircraft,Serbia,1-Jul,2012
aircraft,Singapore,1997,1999-2000
aircraft,Singapore,1997,1999-2000
aircraft,Singapore,1998,2000
aircraft,Singapore,1999,2002
aircraft,Singapore,1999,2001
aircraft,Singapore,1999,2000
aircraft,Singapore,-2000,2004-2005
aircraft,Singapore,2000,2002
aircraft,Singapore,2001,2005
aircraft,Singapore,2005,2009-2010
aircraft,Singapore,2005,2009-2010
aircraft,Singapore,2007,2010-2012
aircraft,Singapore,2007,2009-2011
aircraft,Singapore,2008,2012
aircraft,Singapore,-2010,2013
aircraft,Singapore,-2011,2012-2013
aircraft,Singapore,2013,2018
aircraft,Singapore,-2014,2016-2017
aircraft,Singapore,-2016,2020
aircraft,Slovakia,2015,2017-2019
aircraft,Somalia,-2013,2013
aircraft,South Korea,1996,2000-2001
aircraft,South Korea,2000,2001-2002
aircraft,South Korea,2005,2010
aircraft,South Korea,2010,2014
aircraft,South Korea,2013,2016-2017
aircraft,South Korea,-2013,2014
aircraft,South Korea,2014,2018-2019
aircraft,Spain,1995,1995-2000
aircraft,Spain,-1999,2000
aircraft,Spain,2000,2002-2004
aircraft,Spain,2000,2002-2003
aircraft,Spain,-2015,2017
aircraft,Spain,2016,2019
aircraft,Sri Lanka,2000,2000
aircraft,Sri Lanka,2000,2002
aircraft,Sri Lanka,-2010,2011
aircraft,Sweden,2000,2000
aircraft,Sweden,2010,2011
aircraft,Sweden,2011,2011-2013
aircraft,Switzerland,4-Jul,2012
aircraft,Taiwan,1997,2000-2002
aircraft,Taiwan,1997,2000-2001
aircraft,Taiwan,1999,1999-2001
aircraft,Taiwan,1999,2002-2003
aircraft,Taiwan,1999,2005
aircraft,Taiwan,-2008,2012-2015
aircraft,Taiwan,-2010,2012-2014
aircraft,Taiwan,2011,2014
aircraft,Taiwan,-2012,2014-2019
aircraft,Thailand,1993,1997-2000
aircraft,Thailand,2000,2002-2003
aircraft,Thailand,2001,2002-2004
aircraft,Thailand,2001,2001-2002
aircraft,Thailand,2003,2004-2005
aircraft,Thailand,-2005,2011-2012
aircraft,Thailand,2007,2011
aircraft,Thailand,2009,2009
aircraft,Thailand,-2010,2011
aircraft,Thailand,2010,2011-2012
aircraft,Thailand,2012,2013
aircraft,Thailand,2012,2014
aircraft,Thailand,2012,2012
aircraft,Thailand,2013,2016
aircraft,Thailand,2016,2017
aircraft,Trinidad and Tobago,1998,2000
aircraft,Trinidad and Tobago,2000,2000-2001
aircraft,Trinidad and Tobago,2009,2011-2012
aircraft,Tunisia,-2001,2002
aircraft,Tunisia,2006,2008-2011
aircraft,Tunisia,2010,2013-2014
aircraft,Tunisia,2015,2017-2018
aircraft,Tunisia,2016,2016-2017
aircraft,Tunisia,-2016,2017
aircraft,Tunisia,2016,2016
aircraft,Tunisia,2016,2019
aircraft,Turkey,1998,2002
aircraft,Turkey,1999,1999-2002
aircraft,Turkey,2003,2004
aircraft,Turkey,2006,2012-2014
aircraft,Turkey,2009,2009-2010
aircraft,Turkey,2011,2012
aircraft,Turkey,-2011,2016
aircraft,Turkey,2012,2012
aircraft,Turkey,2015,2018-2019
aircraft,UAE,2000,2004-2008
aircraft,UAE,2001,2001-2002
aircraft,UAE,-2005,2005-2007
aircraft,UAE,2007,2008-2009
aircraft,UAE,2007,2007
aircraft,UAE,2007,2008
aircraft,UAE,2008,2010
aircraft,UAE,-2008,2009-2010
aircraft,UAE,-2009,2011-2012
aircraft,UAE,2009,2012-2013
aircraft,UAE,2010,2010-2014
aircraft,UAE,2010,2012
aircraft,UAE,2010,2011-2012
aircraft,UAE,2011,2012-2015
aircraft,UAE,-2013,2014-2016
aircraft,UAE,2014,2015-2017
aircraft,UAE,-2014,2017
aircraft,UAE,2015,2015
aircraft,Uganda,-2009,2009
aircraft,Uganda,2014,2015
aircraft,Uganda,2016,2017
aircraft,United Kingdom,1990,1999-2001
aircraft,United Kingdom,1994,1998-2000
aircraft,United Kingdom,1995,2000-2001
aircraft,United Kingdom,2000,2001
aircraft,United Kingdom,2002,2002-2003
aircraft,United Kingdom,-2002,2003-2004
aircraft,United Kingdom,2006,2008
aircraft,United Kingdom,2006,2007-2008
aircraft,United Kingdom,2007,2008
aircraft,United Kingdom,-2007,2009
aircraft,United Kingdom,2007,2009
aircraft,United Kingdom,-2008,2011
aircraft,United Kingdom,2008,2009
aircraft,United Kingdom,2008,2010
aircraft,United Kingdom,-2009,2010
aircraft,United Kingdom,-2010,2011
aircraft,United Kingdom,-2010,2014
aircraft,United Kingdom,2010,2013-2017
aircraft,United Kingdom,2012,2012
aircraft,United Kingdom,-2012,2013
aircraft,United Kingdom,2013,2014
aircraft,United Kingdom,2016,2019
aircraft,United Kingdom,2016,2018
aircraft,Unknown recipient(s),2013,2014-2015
aircraft,Uruguay,2019,2019
aircraft,Venezuela,-2001,2003
aircraft,Venezuela,2001,2002
aircraft,Venezuela,2014,2015
aircraft,Yemen,2-Jul,2011
aircraft,Yemen,2012,2013
aircraft,Yemen,2014,2015
air defense system,Germany,-2000,2008-2010
air defense system,Poland,2018,
air defense system,Chile,1997,1999-2000
air defense system,Chile,1999,1999-2000
air defense system,Egypt,-1996,1998-2001
air defense system,Egypt,1999,2000
air defense system,Egypt,2000,2001
air defense system,Egypt,2000,2000
air defense system,Egypt,2006,2008
air defense system,Greece,1999,2002-2004
air defense system,Iraq,-2012,2013-2014
air defense system,Kuwait,2008,2014-2016
air defense system,Kuwait,2014,2017-2018
air defense system,Netherlands,-2000,2006
air defense system,Oman,-2013,2016
air defense system,Qatar,2014,2015-2019
air defense system,Saudi Arabia,2011,2014-2017
air defense system,Saudi Arabia,2015,2017-2019
air defense system,South Korea,-2015,2017-2019
air defense system,Taiwan,2009,2014-2015
air defense system,Taiwan,2009,2011-2012
air defense system,Tunisia,1998,2002
air defense system,Turkey,2002,2005
air defense system,UAE,2008,2012-2014
air defense system,UAE,2011,2015-2016
air defense system,United Kingdom,2007,2007
artillery,Egypt,1999,2000
artillery,Japan,1993,1995-2006
artillery,Argentina,1999,2000
artillery,Bahrain,-2004,2005
artillery,Bahrain,-2011,2017
artillery,Bahrain,2012,2017
artillery,Brazil,2013,2019
artillery,Brazil,2013,2015
artillery,Brazil,2017,2018
artillery,Chile,2010,2012
artillery,Chile,-2013,2015
artillery,Denmark,1996,1998-2001
artillery,Egypt,2001,2003-2005
artillery,Egypt,-2003,2004-2005
artillery,Egypt,-2004,2005
artillery,Egypt,2005,2005-2008
artillery,Greece,1998,2000
artillery,Greece,2000,2000-2002
artillery,Greece,-2013,2014
artillery,Iraq,2008,2009-2012
artillery,Iraq,2010,2011
artillery,Iraq,2010,2011-2013
artillery,Iraq,-2015,2015-2016
artillery,Iraq,2016,2017-2018
artillery,Israel,-2002,2002
artillery,Israel,-2006,2007-2009
artillery,Israel,2011,2012
artillery,Israel,-2015,2015
artillery,Jordan,1999,2000
artillery,Jordan,2010,2012
artillery,Jordan,-2018,2019
artillery,Lebanon,2007,2009-2010
artillery,Lebanon,2014,2015
artillery,Lebanon,2015,2016
artillery,Morocco,1999,2000
artillery,Morocco,-2009,2012
artillery,Morocco,2015,2016
artillery,Pakistan,2006,2007-2010
artillery,Portugal,-1997,2001
artillery,Portugal,-1998,2000
artillery,Romania,2018,2020
artillery,Saudi Arabia,-2001,2002-2004
artillery,Saudi Arabia,-2009,2010-2013
artillery,Saudi Arabia,-2012,2013
artillery,Singapore,2008,2010-2011
artillery,South Korea,2002,2002-2004
artillery,Thailand,2012,2013
artillery,UAE,2008,2011
artillery,UAE,2015,2018
armoured vehicles,Canada,2000,2002-2009
armoured vehicles,Canada,2000,2003-2009
armoured vehicles,Canada,2012,2016-2019
armoured vehicles,Egypt,1999,2002-2003
armoured vehicles,Egypt,2001,2004-2005
armoured vehicles,Egypt,2003,2005-2008
armoured vehicles,Egypt,2004,2007
armoured vehicles,Egypt,2008,2009-2013
armoured vehicles,Egypt,2011,2015-2018
armoured vehicles,Israel,2011,2014-2019
armoured vehicles,Mexico,-2012,2012-2014
armoured vehicles,Pakistan,1998,2000-2014
armoured vehicles,South Korea,1989,1993-2006
armoured vehicles,South Korea,-1994,1999-2009
armoured vehicles,South Korea,1995,1997-2001
armoured vehicles,South Korea,2000,2001-2006
armoured vehicles,South Korea,2006,2006-2010
armoured vehicles,Turkey,1988,1990-2000
armoured vehicles,Turkey,2000,2001-2004
armoured vehicles,United Kingdom,2006,2006-2007
armoured vehicles,United Kingdom,2008,2009
armoured vehicles,United Kingdom,2008,2009
armoured vehicles,United Kingdom,2009,2010-2011
armoured vehicles,United Kingdom,2009,2009-2010
armoured vehicles,Afghanistan,-2004,2005
armoured vehicles,Afghanistan,2006,2007-2008
armoured vehicles,Afghanistan,2008,2008-2011
armoured vehicles,Afghanistan,2010,2011-2013
armoured vehicles,Afghanistan,2010,2012
armoured vehicles,Afghanistan,2010,2011-2012
armoured vehicles,Afghanistan,2011,2011-2012
armoured vehicles,Afghanistan,2011,2012-2013
armoured vehicles,Afghanistan,2011,2012
armoured vehicles,Afghanistan,2012,2014
armoured vehicles,Afghanistan,-2012,2013-2014
armoured vehicles,Afghanistan,2013,2014-2015
armoured vehicles,Afghanistan,2014,2015
armoured vehicles,Afghanistan,2015,2015
armoured vehicles,Afghanistan,2016,2016-2017
armoured vehicles,Afghanistan,2016,2017
armoured vehicles,Afghanistan,2017,2018
armoured vehicles,Afghanistan,2017,2018-2019
armoured vehicles,Afghanistan,2017,2018
armoured vehicles,African Union**,-2015,2015
armoured vehicles,Albania,2016,2017
armoured vehicles,Albania,2017,2017-2018
armoured vehicles,Albania,2018,2019
armoured vehicles,Algeria,-2017,2018
armoured vehicles,Argentina,1999,2000
armoured vehicles,Argentina,1999,2000
armoured vehicles,Australia,2004,2006-2007
armoured vehicles,Australia,2004,2006-2007
armoured vehicles,Australia,2015,2016
armoured vehicles,Bahrain,1999,2000
armoured vehicles,Bahrain,-2000,2001
armoured vehicles,Bahrain,2003,2005
armoured vehicles,Bahrain,2009,2010
armoured vehicles,Bahrain,-2011,2017-2019
armoured vehicles,Brazil,2015,2017-2018
armoured vehicles,Brazil,2015,2016
armoured vehicles,Brazil,2015,2016
armoured vehicles,Brazil,2018,2018
armoured vehicles,Bulgaria,2008,2008
armoured vehicles,Bulgaria,2014,2015
armoured vehicles,Burundi,2014,2015
armoured vehicles,Burundi,2016,2016
armoured vehicles,Cameroon,2015,2015
armoured vehicles,Canada,2007,2007
armoured vehicles,Canada,2008,2009
armoured vehicles,Chad,2016,2016-2017
armoured vehicles,Chile,2001,2004
armoured vehicles,Colombia,2009,2010
armoured vehicles,Colombia,2011,2013-2014
armoured vehicles,Colombia,2016,2016
armoured vehicles,Croatia,2013,2014
armoured vehicles,Croatia,2013,2014
armoured vehicles,Croatia,2013,2014
armoured vehicles,Croatia,2014,2014
armoured vehicles,Croatia,2015,2016
armoured vehicles,Denmark,2017,2017
armoured vehicles,Djibouti,2013,2014
armoured vehicles,Djibouti,-2014,2014
armoured vehicles,Djibouti,-2015,2016
armoured vehicles,Djibouti,2018,2019
armoured vehicles,Egypt,1998,2000-2002
armoured vehicles,Egypt,2000,2001-2002
armoured vehicles,Egypt,2001,2001-2002
armoured vehicles,Egypt,-2001,2003-2006
armoured vehicles,Egypt,2001,2003-2004
armoured vehicles,Egypt,2001,2002
armoured vehicles,Egypt,2003,2004
armoured vehicles,Egypt,2013,2015
armoured vehicles,Egypt,2015,2016-2019
armoured vehicles,Egypt,2015,2016
armoured vehicles,Egypt,2015,2016
armoured vehicles,Egypt,2017,2018
armoured vehicles,France,2008,2008
armoured vehicles,Georgia,-2014,2014
armoured vehicles,Greece,-1998,1998-2000
armoured vehicles,Greece,2003,2004-2005
armoured vehicles,Greece,2010,2010
armoured vehicles,Greece,-2013,2014-2015
armoured vehicles,Greece,2013,2014-2015
armoured vehicles,Hungary,2009,2009
armoured vehicles,Hungary,2010,2010-2011
armoured vehicles,Hungary,2010,2010-2011
armoured vehicles,Hungary,2013,2013
armoured vehicles,Iraq,2004,2004-2005
armoured vehicles,Iraq,-2004,2005
armoured vehicles,Iraq,2005,2006-2009
armoured vehicles,Iraq,2006,2006-2007
armoured vehicles,Iraq,2006,2007
armoured vehicles,Iraq,-2006,2006-2007
armoured vehicles,Iraq,2007,2008
armoured vehicles,Iraq,2008,2008-2009
armoured vehicles,Iraq,-2008,2010
armoured vehicles,Iraq,-2008,2010
armoured vehicles,Iraq,-2008,2010-2012
armoured vehicles,Iraq,-2008,2010
armoured vehicles,Iraq,2009,2010
armoured vehicles,Iraq,2010,2011-2013
armoured vehicles,Iraq,2010,2011-2013
armoured vehicles,Iraq,2010,2011
armoured vehicles,Iraq,2011,2012
armoured vehicles,Iraq,2012,2014
armoured vehicles,Iraq,2014,2014-2015
armoured vehicles,Iraq,2014,2014-2015
armoured vehicles,Iraq,2014,2015-2017
armoured vehicles,Iraq,2014,2015-2017
armoured vehicles,Iraq,2014,2015
armoured vehicles,Iraq,2014,2015
armoured vehicles,Iraq,2015,2015
armoured vehicles,Iraq,2015,2015
armoured vehicles,Iraq,2016,2016
armoured vehicles,Iraq,-2016,2016
armoured vehicles,Iraq,2017,2017
armoured vehicles,Israel,-2002,2003-2004
armoured vehicles,Israel,2002,2003
armoured vehicles,Israel,2012,2013-2015
armoured vehicles,Italy,1999,2002
armoured vehicles,Italy,2008,2008
armoured vehicles,Japan,-2013,2014-2018
armoured vehicles,Jordan,1999,2000-2001
armoured vehicles,Jordan,2004,2004
armoured vehicles,Jordan,2012,2013
armoured vehicles,Jordan,2012,2013
armoured vehicles,Jordan,-2012,2016
armoured vehicles,Jordan,2013,2014
armoured vehicles,Jordan,2013,2014
armoured vehicles,Jordan,2013,2015
armoured vehicles,Jordan,2014,2016-2018
armoured vehicles,Jordan,-2014,2018-2019
armoured vehicles,Jordan,2016,2017-2018
armoured vehicles,Kazakhstan,2007,2008-2009
armoured vehicles,Kuwait,2007,2010-2011
armoured vehicles,Latvia,2010,2010
armoured vehicles,Latvia,2010,2010
armoured vehicles,Lebanon,1999,2000
armoured vehicles,Lebanon,2012,2013
armoured vehicles,Lebanon,-2014,2015-2016
armoured vehicles,Lebanon,-2016,2017-2018
armoured vehicles,Lebanon,2016,2017
armoured vehicles,Lebanon,2017,2019
armoured vehicles,Lebanon,-2018,2019
armoured vehicles,Lithuania,-2004,2004-2005
armoured vehicles,Macedonia,-2005,2006
armoured vehicles,Mexico,-2010,2010-2011
armoured vehicles,Mexico,-2011,2011
armoured vehicles,Mexico,2014,2015-2016
armoured vehicles,Morocco,-2005,2006
armoured vehicles,Morocco,2007,2009-2011
armoured vehicles,Morocco,-2012,2013
armoured vehicles,Morocco,-2012,2013
armoured vehicles,Morocco,-2015,2016-2018
armoured vehicles,Morocco,2016,2017
armoured vehicles,Morocco,2016,2016
armoured vehicles,Niger,2019,2019
armoured vehicles,Nigeria,2014,2016
armoured vehicles,Nigeria,2014,2016
armoured vehicles,Pakistan,2010,2010
armoured vehicles,Pakistan,-2010,2011-2015
armoured vehicles,Pakistan,2013,2014-2015
armoured vehicles,Pakistan,2014,2015
armoured vehicles,Pakistan,-2014,2015
armoured vehicles,Pakistan,2016,2018-2019
armoured vehicles,Pakistan,2017,2017
armoured vehicles,Philippines,-2003,2006
armoured vehicles,Philippines,2012,2015
armoured vehicles,Philippines,2013,2013
armoured vehicles,Poland,2008,2008-2009
armoured vehicles,Poland,2010,2010
armoured vehicles,Poland,2014,2014-2015
armoured vehicles,Portugal,-1995,1996-2000
armoured vehicles,Romania,-2006,2006-2007
armoured vehicles,Romania,2010,2010
armoured vehicles,Romania,-2014,2014
armoured vehicles,Saudi Arabia,1997,2003-2006
armoured vehicles,Saudi Arabia,-2000,2001
armoured vehicles,Saudi Arabia,2008,2012-2014
armoured vehicles,Saudi Arabia,2009,2012-2017
armoured vehicles,Saudi Arabia,2013,2014-2016
armoured vehicles,Saudi Arabia,-2015,2016-2017
armoured vehicles,Saudi Arabia,2016,2018-2019
armoured vehicles,Saudi Arabia,-2016,2018-2019
armoured vehicles,Singapore,-2001,2001-2005
armoured vehicles,Singapore,2009,2009
armoured vehicles,Slovenia,-2000,2001
armoured vehicles,Slovenia,-2014,2014
armoured vehicles,South Korea,-2010,2011
armoured vehicles,Spain,2014,2016
armoured vehicles,Syria rebels,-2016,2017
armoured vehicles,Syria rebels,2017,2017
armoured vehicles,Taiwan,1996,1998-2002
armoured vehicles,Taiwan,2003,2005-2006
armoured vehicles,Taiwan,2018,2020
armoured vehicles,Thailand,-1997,1998-2000
armoured vehicles,Thailand,-1998,2000-2001
armoured vehicles,Thailand,2019,2019
armoured vehicles,Tunisia,-2003,2003
armoured vehicles,Tunisia,-2015,2015-2016
armoured vehicles,Tunisia,2018,2018
armoured vehicles,Turkey,-1998,2002-2004
armoured vehicles,UAE,2011,2011
armoured vehicles,UAE,-2012,2013
armoured vehicles,UAE,2014,2016-2018
armoured vehicles,UAE,2014,2016
armoured vehicles,UAE,2014,2017-2018
armoured vehicles,UAE,2014,2016-2019
armoured vehicles,Uganda,2013,2015
armoured vehicles,Uganda,2014,2015
armoured vehicles,Ukraine,2015,2015
armoured vehicles,United Kingdom,2001,2002-2003
armoured vehicles,United Kingdom,-2006,2007
armoured vehicles,United Kingdom,2008,2009
armoured vehicles,United Kingdom,2008,2008-2009
armoured vehicles,United Kingdom,-2009,2011
armoured vehicles,United Kingdom,2010,2010-2011
armoured vehicles,United Kingdom,2010,2010-2011
armoured vehicles,United Kingdom,2010,2010-2011
armoured vehicles,United Kingdom,-2010,2011
armoured vehicles,United Kingdom,2011,2011
armoured vehicles,Unknown recipient(s),2010,2010
armoured vehicles,Uzbekistan,2014,2015
armoured vehicles,Uzbekistan,2014,2015
armoured vehicles,Uzbekistan,2014,2015
armoured vehicles,Uzbekistan,2014,2015
armoured vehicles,Yemen,-2005,2006
armoured vehicles,Yemen,2007,2008
engines,Portugal,-2016,2017-2018
engines,Germany,-1997,2004-2005
engines,India,1983,1986-2011
engines,India,-2012,2013-2016
engines,Italy,1997,2001-2005
engines,Italy,-2000,2007-2019
engines,Italy,-2003,2011-2019
engines,Japan,-1970,1975-2005
engines,Japan,-1978,1982-2002
engines,Japan,1984,1987-2015
engines,Japan,-1988,1993-2011
engines,Japan,-1999,2002-2004
engines,Japan,2010,2015-2017
engines,Japan,-2013,2018-2019
engines,South Korea,1991,1998-2001
engines,South Korea,-2001,2005-2008
engines,South Korea,-2006,2008-2012
engines,South Korea,2013,2013-2016
engines,Spain,1994,1998-2000
engines,Spain,-1996,2002-2012
engines,Sweden,-1982,1993-2007
engines,Sweden,-1994,1996-2000
engines,Taiwan,1987,1989-2001
engines,Turkey,2008,2016-2019
engines,Turkey,2010,2014
engines,Turkey,2017,2018-2019
engines,Algeria,2012,2016
engines,Algeria,2012,2015-2016
engines,Argentina,1989,1995-2002
engines,Argentina,-2001,2004-2008
engines,Argentina,-2009,2012-2018
engines,Argentina,-2013,2018-2019
engines,Australia,-1989,1996-2006
engines,Australia,1998,2002-2005
engines,Australia,-1999,2005-2007
engines,Australia,-2004,2011-2012
engines,Australia,-2005,2006-2008
engines,Australia,2006,2007-2008
engines,Australia,2007,2008-2010
engines,Australia,-2007,2017-2018
engines,Australia,-2007,2017-2018
engines,Australia,2008,2010
engines,Australia,2008,2010-2011
engines,Australia,2008,2014-2015
engines,Australia,2011,2012
engines,Australia,2012,2015-2018
engines,Australia,2012,2012-2014
engines,Australia,2014,2016
engines,Austria,2016,2019
engines,Azerbaijan,2009,2009-2011
engines,Azerbaijan,2011,2012-2014
engines,Bangladesh,2011,2013
engines,Belgium,2006,2008-2015
engines,Botswana,2008,2009-2010
engines,Brazil,-1994,2008
engines,Brazil,1997,2002-2003
engines,Brazil,2006,2007-2008
engines,Brazil,2007,2009
engines,Brazil,2008,2013-2014
engines,Brazil,2008,2010-2014
engines,Brazil,-2010,2013-2015
engines,Brazil,2014,2019
engines,Brazil,-2014,2019
engines,Brazil,2015,2017-2019
engines,Brazil,-2017,2017
engines,Brunei,-2002,2003-2004
engines,Bulgaria,2006,2007-2011
engines,Cameroon,2012,2013
engines,Canada,1997,1998-2004
engines,Canada,2011,2013-2018
engines,Chad,2012,2014
engines,Chile,-1980,1981-2000
engines,Chile,2014,2016
engines,Colombia,-2002,2003
engines,Colombia,2009,2010
engines,Colombia,2012,2012-2013
engines,Congo,2010,2010
engines,Czechia,-1994,2000-2003
engines,Czechia,2004,2005
engines,Czechia,2009,2009-2013
engines,Czechia,2017,2019
engines,Denmark,2000,2001
engines,Denmark,2006,2007-2009
engines,Denmark,2013,2015-2016
engines,Ecuador,2003,2005
engines,Egypt,1999,2001-2005
engines,Egypt,2003,2004-2009
engines,Egypt,2004,2007-2010
engines,Egypt,2015,2015
engines,Equatorial Guinea,-2008,2009
engines,Equatorial Guinea,-2009,2012
engines,Equatorial Guinea,-2012,2014
engines,Finland,1992,1997-2000
engines,France,1996,1998-2000
engines,France,-1996,1998-2003
engines,France,-2000,2010
engines,France,2001,2002
engines,France,2002,2003
engines,France,-2005,2012-2019
engines,France,2009,2011-2013
engines,France,2010,2011-2013
engines,France,-2016,2017-2019
engines,Gabon,2010,2010
engines,Georgia,-2008,2008-2009
engines,Germany,2002,2003-2011
engines,Germany,-2007,2019
engines,Ghana,2006,2007
engines,Ghana,2011,2011-2012
engines,Ghana,-2011,2014
engines,Greece,1999,2004-2005
engines,Greece,2003,2004-2007
engines,Greece,2015,2018
engines,Greece,2016,2017
engines,Hungary,2001,2006-2007
engines,India,-1999,2010-2012
engines,India,2007,2016-2019
engines,India,2008,2017-2019
engines,India,-2015,2019
engines,India,-2016,2019
engines,Indonesia,-1990,1993-2019
engines,Indonesia,1996,2005-2007
engines,Indonesia,-2000,2002-2005
engines,Indonesia,-2002,2003
engines,Indonesia,-2006,2007-2008
engines,Indonesia,-2011,2014-2015
engines,Indonesia,2011,2013-2014
engines,Indonesia,-2012,2018
engines,Indonesia,2013,2014
engines,Indonesia,2016,2017
engines,Iraq,2004,2006
engines,Iraq,-2013,2016-2017
engines,Iraq,2013,2016
engines,Israel,-1975,1979-2003
engines,Israel,-1999,2000-2002
engines,Israel,-2000,2004-2005
engines,Israel,2010,2011-2012
engines,Israel,2012,2014-2016
engines,Israel,2015,2016-2017
engines,Israel,2017,2018-2019
engines,Italy,1999,2000-2002
engines,Italy,2002,2006-2008
engines,Italy,2009,2011-2019
engines,Jamaica,2013,2015-2016
engines,Japan,-1987,2000-2012
engines,Japan,-1996,2007-2017
engines,Japan,-2006,2016-2019
engines,Japan,-2012,2018
engines,Japan,2012,2014
engines,Japan,2014,2014
engines,Japan,-2015,2019
engines,Japan,-2017,2018
engines,Jordan,-2000,2004-2005
engines,Jordan,2003,2003
engines,Jordan,-2005,2005-2015
engines,Jordan,2014,2016-2018
engines,Kenya,2010,2011-2012
engines,Libya,-2012,2012
engines,Libya GNC,-2015,2016
engines,Libya GNC,-2019,2019
engines,Libya HoR,-2013,2014
engines,Libya HoR,-2018,2018
engines,Lithuania,2006,2006-2009
engines,Malaysia,1999,2003-2004
engines,Malaysia,2000,2002-2004
engines,Malaysia,2000,2006-2010
engines,Malaysia,2002,2005-2006
engines,Malaysia,2008,2010
engines,Malaysia,2015,2016-2017
engines,Mauritius,2014,2016
engines,Mexico,-1997,1998-2012
engines,Mexico,2001,2004
engines,Mexico,2008,2010
engines,Mexico,2008,2010
engines,Mexico,-2009,2011-2012
engines,Mexico,2011,2011-2012
engines,Mexico,-2013,2015
engines,Morocco,2008,2010-2011
engines,Morocco,2008,2014
engines,Namibia,2010,2012
engines,Nepal,2017,2019
engines,Netherlands,2005,2006-2007
engines,Netherlands,2006,2006
engines,Netherlands,-2007,2011-2013
engines,Netherlands,2007,2007-2008
engines,Netherlands,2008,2008
engines,Netherlands,2009,2009
engines,Netherlands,2009,2009
engines,Netherlands,2009,2009
engines,Netherlands,2015,2016-2017
engines,Netherlands,-2016,2017
engines,New Zealand,2001,2003-2004
engines,Nigeria,-2013,2014
engines,Nigeria,2016,2017
engines,Nigeria,2016,2017
engines,Norway,-1999,2010-2013
engines,Norway,-1999,2010-2013
engines,Norway,-2000,2006-2011
engines,Norway,-2007,2008-2009
engines,Norway,2018,2019
engines,Oman,2000,2001-2003
engines,Oman,2000,2001-2003
engines,Oman,2000,2004-2005
engines,Pakistan,-2000,2005-2006
engines,Pakistan,2002,2004
engines,Pakistan,2006,2007-2008
engines,Peru,-2013,2015-2017
engines,Peru,2014,2015-2016
engines,Philippines,-2002,2004
engines,Philippines,-2006,2007
engines,Philippines,2007,2009
engines,Philippines,-2014,2015-2017
engines,Philippines,-2014,2016
engines,Philippines,2016,2019
engines,Philippines,2016,2019
engines,Poland,-2001,2019
engines,Poland,2014,2017
engines,Portugal,2005,2007-2016
engines,Qatar,2016,2017-2019
engines,Qatar,2018,2019
engines,Romania,-1997,2005-2009
engines,Romania,2006,2008-2015
engines,Romania,-2006,2010-2015
engines,Romania,-2016,2018
engines,Saudi Arabia,-1990,1991-2004
engines,Saudi Arabia,2004,2005-2006
engines,Saudi Arabia,-2005,2007
engines,Saudi Arabia,2006,2006-2009
engines,Saudi Arabia,2006,2007
engines,Saudi Arabia,2007,2008-2009
engines,Saudi Arabia,2008,2008-2010
engines,Saudi Arabia,2008,2011-2012
engines,Saudi Arabia,2008,2009-2010
engines,Saudi Arabia,2009,2011-2015
engines,Saudi Arabia,2009,2014-2015
engines,Saudi Arabia,2010,2010-2013
engines,Saudi Arabia,2011,2013-2017
engines,Saudi Arabia,2011,2015
engines,Saudi Arabia,-2012,2017-2019
engines,Saudi Arabia,2014,2015-2017
engines,Senegal,-2013,2017
engines,Senegal,-2017,2018
engines,Seychelles,-2012,2013
engines,Seychelles,-2015,2018
engines,Singapore,-1995,1996-2000
engines,Singapore,-1995,1997-2004
engines,Singapore,-2000,2001-2013
engines,Singapore,2009,2010-2018
engines,Singapore,2010,2012-2014
engines,Slovakia,2014,2017-2018
engines,South Africa,1999,2008-2009
engines,South Africa,-1999,2006-2007
engines,South Africa,-2000,2010-2012
engines,South Africa,2003,2007
engines,South Korea,-1993,1998-2000
engines,South Korea,1997,2001-2002
engines,South Korea,-1999,2003-2005
engines,South Korea,-2002,2008-2012
engines,South Korea,-2003,2006-2008
engines,South Korea,-2005,2008-2018
engines,South Korea,-2009,2013-2016
engines,South Korea,-2012,2016
engines,South Korea,-2013,2014
engines,South Korea,2013,2016
engines,South Korea,2014,2018-2019
engines,South Korea,-2015,2017-2019
engines,South Korea,-2015,2017-2019
engines,South Sudan,2012,2012-2013
engines,Spain,1996,2002-2012
engines,Spain,1997,1999-2000
engines,Spain,2004,2010
engines,Spain,2006,2007-2009
engines,Suriname,2012,2012
engines,Sweden,-1995,2006-2008
engines,Sweden,2012,2013
engines,Sweden,-2013,2014-2015
engines,Switzerland,1995,1997-2002
engines,Switzerland,-2009,2010-2012
engines,Switzerland,-2009,2010-2012
engines,Switzerland,2009,2010-2017
engines,Taiwan,-2005,2014-2019
engines,Taiwan,2010,2013-2014
engines,Thailand,2001,2004
engines,Thailand,-2008,2010
engines,Thailand,2008,2011
engines,Thailand,2010,2013
engines,Thailand,2012,2012-2014
engines,Thailand,2013,2018
engines,Thailand,2015,2018
engines,Thailand,2017,2019
engines,Tunisia,2014,2014
engines,Tunisia,2016,2018
engines,Tunisia,-2016,2017
engines,Tunisia,-2016,2016
engines,Turkey,-1990,1991-2008
engines,Turkey,1990,1995-2000
engines,Turkey,1998,2013-2014
engines,Turkey,-2007,2011-2013
engines,Turkey,2008,2013-2019
engines,Turkey,2009,2010-2015
engines,Turkey,2013,2014-2015
engines,Turkey,2015,2018-2019
engines,Turkey,2016,2016
engines,UAE,1997,1999-2000
engines,UAE,2005,2006-2010
engines,UAE,2015,2016-2019
engines,UAE,2017,2018-2019
engines,United Kingdom,1997,1999-2012
engines,United Kingdom,-2006,2015-2016
engines,United Kingdom,2008,2010-2011
engines,United Kingdom,2008,2008
engines,United Kingdom,2009,2012-2016
engines,United Kingdom,2012,2012-2013
engines,United Nations**,2013,2014-2015
engines,Uzbekistan,2017,2018-2019
engines,Venezuela,1999,2001
engines,Yemen,2011,2013
engines,Zambia,2015,2019
sensors,Australia,1998,2004-2005
sensors,Finland,2010,2018
sensors,Germany,2003,2019
sensors,Japan,1992,1995-2010
sensors,Japan,-2004,2007-2015
sensors,South Korea,2000,2002
sensors,South Korea,2002,2004
sensors,Taiwan,-1982,1989-2000
sensors,United Kingdom,1999,2007
sensors,Algeria,-1998,2000-2001
sensors,Argentina,2003,2004
sensors,Argentina,2004,2004
sensors,Australia,1993,1996-2006
sensors,Australia,2000,2002-2003
sensors,Australia,2003,2004-2006
sensors,Australia,-2007,2010-2011
sensors,Australia,-2007,2017-2018
sensors,Australia,2008,2017-2018
sensors,Australia,2009,2017-2018
sensors,Bahrain,2004,2007
sensors,Belgium,1993,1996-2004
sensors,Belgium,-2000,2002
sensors,Belgium,-2000,2002
sensors,Belgium,2006,2007-2008
sensors,Belgium,2013,2015
sensors,Brazil,-1995,2002-2004
sensors,Brazil,-1995,2001-2008
sensors,Brazil,1997,1999-2001
sensors,Canada,2001,2003-2006
sensors,Canada,2001,2002-2003
sensors,Canada,-2002,2011-2015
sensors,Canada,2007,2007-2008
sensors,Chile,-2000,2003
sensors,Chile,2007,2010-2011
sensors,Chile,2011,2013-2015
sensors,Chile,-2012,2013-2014
sensors,Colombia,-1998,2001-2007
sensors,Colombia,-2000,2001
sensors,Colombia,-2000,2000-2001
sensors,Colombia,-2003,2003
sensors,Colombia,-2006,2008-2009
sensors,Colombia,2012,2014-2015
sensors,Colombia,2013,2015
sensors,Croatia,1999,2001
sensors,Denmark,1993,1995-2001
sensors,Denmark,1999,2001-2002
sensors,Denmark,2002,2003-2004
sensors,Denmark,2005,2007
sensors,Denmark,2006,2008
sensors,Egypt,1999,2005-2008
sensors,Egypt,1999,2002-2003
sensors,Egypt,2000,2001
sensors,Egypt,2000,2001
sensors,Egypt,2000,2002-2003
sensors,Egypt,2001,2005-2006
sensors,Egypt,2010,2013
sensors,Egypt,2010,2013
sensors,Egypt,2011,2013-2015
sensors,Egypt,2016,2018-2019
sensors,Egypt,2017,2019
sensors,Estonia,2001,2003
sensors,Finland,2009,2013-2015
sensors,Germany,1996,1999-2000
sensors,Greece,1997,2003-2005
sensors,Greece,-1998,2009-2012
sensors,Greece,-2000,2003-2004
sensors,Greece,2003,2007
sensors,Greece,2007,2009
sensors,India,2002,2006
sensors,India,2003,2006-2007
sensors,India,2016,2019
sensors,Indonesia,1996,1999-2007
sensors,Indonesia,-2012,2017-2018
sensors,Indonesia,-2013,2014
sensors,Iraq,-2006,2009
sensors,Iraq,2011,2013
sensors,Iraq,2012,2015
sensors,Iraq,2012,2015
sensors,Iraq,2012,2015-2016
sensors,Iraq,-2013,2013-2014
sensors,Ireland,2006,2007-2008
sensors,Israel,-1998,2000-2001
sensors,Israel,-1998,2000-2001
sensors,Israel,2004,2006
sensors,Israel,2014,2015
sensors,Italy,1999,2002-2004
sensors,Italy,2002,2005-2006
sensors,Italy,2003,2011-2019
sensors,Italy,2011,2012
sensors,Japan,2000,2004-2008
sensors,Japan,-2000,2002-2003
sensors,Japan,2001,2006-2016
sensors,Japan,-2002,2007-2008
sensors,Japan,2002,2007-2008
sensors,Japan,2011,2014-2019
sensors,Japan,2014,2016
sensors,Jordan,-2000,2002
sensors,Jordan,-2002,2004
sensors,Jordan,2004,2007-2009
sensors,Jordan,2013,2014
sensors,Jordan,2015,2015-2016
sensors,Jordan,2016,2019
sensors,Jordan,2016,2017-2018
sensors,Kuwait,2003,2007
sensors,Kuwait,2003,2005
sensors,Kuwait,-2005,2006
sensors,Kuwait,-2016,2018-2019
sensors,Latvia,2001,2003
sensors,Latvia,2007,2009-2010
sensors,Latvia,2015,2016
sensors,Latvia,2015,2018-2019
sensors,Lithuania,2002,2006
sensors,Malaysia,-2001,2003-2004
sensors,Malaysia,2012,2016-2017
sensors,Malaysia,-2012,2014
sensors,Mexico,2001,2004
sensors,Mexico,2002,2004-2006
sensors,Mexico,-2002,2004
sensors,Mexico,2003,2006
sensors,Mexico,2008,2010
sensors,Mexico,2010,2011-2015
sensors,Mexico,2011,2012-2013
sensors,Morocco,2008,2011
sensors,Morocco,2008,2010
sensors,Morocco,2009,2011
sensors,Morocco,2011,2012-2013
sensors,Netherlands,1993,1996-2003
sensors,Netherlands,1997,2001
sensors,Netherlands,1999,2001
sensors,Netherlands,2003,2010-2016
sensors,Netherlands,2004,2005
sensors,Netherlands,2015,2016-2017
sensors,Norway,1993,1996-2002
sensors,Norway,2000,2006-2011
sensors,Norway,-2000,2001-2002
sensors,Norway,2000,2006-2011
sensors,Norway,-2002,2003-2004
sensors,Norway,-2003,2003
sensors,Norway,2004,2005-2006
sensors,Oman,2002,2005-2008
sensors,Oman,2002,2005-2008
sensors,Oman,2003,2006
sensors,Oman,2012,2014
sensors,Oman,2012,2014
sensors,Oman,2012,2014
sensors,Oman,-2013,2016
sensors,Pakistan,2005,2008-2009
sensors,Pakistan,2007,2010
sensors,Pakistan,2007,2012-2014
sensors,Pakistan,-2008,2011
sensors,Pakistan,-2009,2009
sensors,Pakistan,-2011,2014
sensors,Pakistan,2011,2013
sensors,Pakistan,2015,2015-2016
sensors,Philippines,-2011,2012
sensors,Poland,2000,2001
sensors,Poland,2002,2002
sensors,Poland,2003,2007-2008
sensors,Poland,2003,2003-2004
sensors,Poland,2004,2006-2007
sensors,Poland,2004,2005
sensors,Qatar,2018,2019
sensors,Romania,2002,2005
sensors,Romania,2008,2009-2011
sensors,Romania,-2014,2016
sensors,Romania,2016,2017-2018
sensors,Saudi Arabia,2009,2010
sensors,Saudi Arabia,2010,2011-2012
sensors,Saudi Arabia,-2010,2014-2016
sensors,Saudi Arabia,-2011,2016-2019
sensors,Saudi Arabia,2012,2016-2019
sensors,Saudi Arabia,2012,2014-2016
sensors,Singapore,2000,2002
sensors,Singapore,-2000,2007-2009
sensors,Singapore,2001,2004-2005
sensors,Singapore,2001,2005
sensors,Singapore,-2006,2009-2012
sensors,Singapore,2006,2009-2012
sensors,Singapore,2008,2010-2011
sensors,Singapore,2015,2017-2019
sensors,Singapore,2017,2018-2019
sensors,South Africa,2003,2007
sensors,South Korea,1994,1998-2000
sensors,South Korea,1997,1999-2001
sensors,South Korea,-1999,2003-2005
sensors,South Korea,-2002,2008-2012
sensors,South Korea,-2002,2008-2012
sensors,South Korea,-2002,2008-2012
sensors,South Korea,-2002,2008-2012
sensors,South Korea,2002,2005-2008
sensors,South Korea,-2006,2011-2012
sensors,South Korea,-2009,2010-2013
sensors,South Korea,2013,2015-2017
sensors,South Korea,2013,2017
sensors,Spain,1993,1999-2000
sensors,Spain,1996,2002-2012
sensors,Spain,-1996,2001-2002
sensors,Spain,-1996,2002-2012
sensors,Spain,1996,2002-2006
sensors,Spain,-2000,2002-2003
sensors,Spain,2001,2004-2005
sensors,Spain,2005,2012
sensors,Sri Lanka,-2000,2003-2004
sensors,Sri Lanka,-2005,2007
sensors,Sweden,2002,2016-2017
sensors,Sweden,-2010,2011-2012
sensors,Switzerland,2003,2004
sensors,Switzerland,-2007,2010-2011
sensors,Taiwan,-1992,1994-2000
sensors,Taiwan,1998,2000-2001
sensors,Taiwan,1998,2000-2001
sensors,Taiwan,2002,2004-2006
sensors,Taiwan,2005,2013
sensors,Taiwan,-2010,2012-2014
sensors,Taiwan,-2014,2018-2019
sensors,Taiwan,2015,2017
sensors,Thailand,-2003,2004
sensors,Thailand,-2004,2005-2006
sensors,Thailand,2007,2012
sensors,Thailand,2012,2014-2017
sensors,Thailand,2013,2015-2016
sensors,Thailand,2014,2015-2016
sensors,Trinidad and Tobago,2002,2002
sensors,Turkey,1990,1995-2000
sensors,Turkey,-1997,1999-2001
sensors,Turkey,2002,2005
sensors,Turkey,-2005,2009-2015
sensors,Turkey,2009,2011-2012
sensors,Turkey,2009,2011-2012
sensors,Turkey,2013,2014
sensors,UAE,2007,2008-2009
sensors,UAE,2011,2013
sensors,UAE,-2017,2018-2019
sensors,Ukraine,2015,2015-2016
sensors,United Kingdom,-1995,1997-2000
sensors,United Kingdom,1996,2000-2004
sensors,United Kingdom,2003,2003
sensors,United Kingdom,-2006,2007
sensors,United Kingdom,2007,2007
sensors,Venezuela,1998,2002
missiles,Ukraine,2018,2018
missiles,Australia,2002,2003-2017
missiles,Australia,2011,2015-2016
missiles,Canada,2001,2004-2012
missiles,Denmark,-1994,1998-2003
missiles,Denmark,2002,2004-2016
missiles,France,-2007,2010-2014
missiles,Germany,1986,1993-2004
missiles,Germany,-2002,2004-2013
missiles,Germany,-2007,2010-2014
missiles,Greece,1986,1993-2004
missiles,Italy,-2001,2002-2003
missiles,Italy,2009,2017-2019
missiles,Italy,2012,2013-2017
missiles,Japan,1993,1996-2006
missiles,Japan,2004,2008-2017
missiles,Japan,-2006,2007-2010
missiles,Netherlands,-1992,1998-2003
missiles,Netherlands,2002,2003-2013
missiles,Norway,1996,1998-2001
missiles,Norway,-2000,2006-2013
missiles,Norway,2004,2006-2007
missiles,Spain,-2008,2009-2019
missiles,Spain,2015,2017-2018
missiles,Turkey,1986,1993-2004
missiles,Turkey,-2009,2011-2017
missiles,United Kingdom,1995,2000-2003
missiles,United Kingdom,-1996,2000-2004
missiles,United Kingdom,2003,2005-2007
missiles,United Kingdom,2003,2008-2013
missiles,United Kingdom,2004,2007-2008
missiles,United Kingdom,2005,2007-2012
missiles,United Kingdom,2009,2010-2012
missiles,United Kingdom,2012,2013-2014
missiles,United Kingdom,2012,2013
missiles,United Kingdom,2012,2014
missiles,Afghanistan,-2017,2017-2019
missiles,Argentina,2000,2002-2003
missiles,Argentina,-2001,2002-2003
missiles,Australia,1995,2000-2001
missiles,Australia,1998,2001-2004
missiles,Australia,-2000,2001-2006
missiles,Australia,-2001,2005-2008
missiles,Australia,2001,2001
missiles,Australia,2002,2006-2014
missiles,Australia,2003,2005-2007
missiles,Australia,-2003,2007-2010
missiles,Australia,2005,2007-2008
missiles,Australia,-2005,2008-2014
missiles,Australia,2006,2006-2009
missiles,Australia,-2006,2011-2014
missiles,Australia,-2007,2009-2016
missiles,Australia,-2007,2017-2018
missiles,Australia,2008,2009-2010
missiles,Australia,2008,2009
missiles,Australia,2012,2013-2016
missiles,Australia,-2013,2014-2016
missiles,Australia,-2013,2015-2016
missiles,Australia,-2013,2016-2018
missiles,Australia,-2014,2018-2019
missiles,Australia,2015,2016-2017
missiles,Australia,-2015,2016-2019
missiles,Australia,-2016,2017-2018
missiles,Australia,2016,2018
missiles,Australia,-2017,2018
missiles,Australia,2018,2019
missiles,Bahrain,1999,2002
missiles,Bahrain,2000,2001-2002
missiles,Bahrain,2000,2002
missiles,Bahrain,2002,2002-2003
missiles,Bahrain,-2006,2007-2008
missiles,Bahrain,-2010,2015
missiles,Bahrain,2011,2013
missiles,Bahrain,2015,2017
missiles,Bahrain,2016,2017-2018
missiles,Bahrain,2017,2018
missiles,Belgium,2001,2002-2003
missiles,Belgium,-2004,2005-2006
missiles,Belgium,2011,2012
missiles,Belgium,-2014,2016-2018
missiles,Belgium,2015,2016
missiles,Belgium,-2016,2017-2018
missiles,Brazil,-2007,2010-2012
missiles,Canada,1998,2000-2002
missiles,Canada,1998,2000-2001
missiles,Canada,-1999,2002-2003
missiles,Canada,2002,2003-2005
missiles,Canada,2002,2006
missiles,Canada,2004,2007
missiles,Canada,-2005,2007
missiles,Canada,2007,2008-2010
missiles,Canada,2007,2007-2008
missiles,Canada,2011,2012
missiles,Canada,2011,2013
missiles,Canada,2011,2014-2016
missiles,Canada,2011,2012-2014
missiles,Canada,-2013,2016-2018
missiles,Canada,2015,2016
missiles,Canada,2015,2016
missiles,Chile,-2005,2006-2007
missiles,Chile,2006,2007
missiles,Chile,-2010,2013-2015
missiles,Chile,-2011,2014-2015
missiles,Chile,-2011,2012
missiles,Colombia,2006,2007-2008
missiles,Colombia,2011,2013
missiles,Colombia,-2015,2015
missiles,Colombia,-2015,2015
missiles,Croatia,2016,2017-2018
missiles,Czechia,2002,2002-2005
missiles,Czechia,2005,2008
missiles,Czechia,-2005,2006
missiles,Czechia,-2016,2018
missiles,Denmark,2002,2004-2005
missiles,Denmark,2003,2005-2006
missiles,Denmark,2004,2006-2007
missiles,Denmark,2004,2007
missiles,Denmark,-2004,2005-2006
missiles,Denmark,2011,2012
missiles,Denmark,-2015,2016
missiles,Denmark,2015,2016
missiles,Denmark,2016,2017
missiles,Egypt,-1984,1986-2000
missiles,Egypt,1996,1998-2001
missiles,Egypt,1996,1998-2001
missiles,Egypt,1997,2000-2001
missiles,Egypt,1998,2000-2002
missiles,Egypt,1999,2000
missiles,Egypt,2000,2001
missiles,Egypt,2001,2001
missiles,Egypt,2003,2005-2006
missiles,Egypt,2003,2013-2015
missiles,Egypt,2004,2005-2006
missiles,Egypt,2004,2005
missiles,Egypt,2005,2013-2015
missiles,Egypt,2006,2007-2008
missiles,Egypt,2008,2008
missiles,Egypt,2009,2009-2012
missiles,Egypt,2009,2012
missiles,Egypt,2014,2014
missiles,Egypt,2015,2016-2017
missiles,Egypt,-2016,2017
missiles,Estonia,2014,2015-2017
missiles,Finland,1992,1998-2002
missiles,Finland,1992,1996-2000
missiles,Finland,-2005,2008-2010
missiles,Finland,2008,2013-2016
missiles,Finland,2009,2010
missiles,Finland,2009,2011
missiles,Finland,-2013,2016-2019
missiles,Finland,-2014,2014-2017
missiles,Finland,-2015,2016-2017
missiles,Finland,2016,2017-2018
missiles,Finland,2018,2020
missiles,France,1999,2000-2001
missiles,France,-2004,2005-2006
missiles,France,2007,2011-2013
missiles,France,2008,2010-2015
missiles,France,2010,2010
missiles,France,2015,2016
missiles,Georgia,2017,2018-2019
missiles,Germany,1995,1999-2001
missiles,Germany,-2000,2001-2002
missiles,Germany,-2000,2001-2004
missiles,Germany,2001,2003-2005
missiles,Germany,-2006,2008-2009
missiles,Germany,2008,2012-2018
missiles,Germany,-2009,2015-2016
missiles,Greece,1996,2000
missiles,Greece,1998,2000-2001
missiles,Greece,1998,2000-2001
missiles,Greece,-1998,1999-2000
missiles,Greece,1998,1999-2001
missiles,Greece,1999,2001-2002
missiles,Greece,1999,2002
missiles,Greece,-2000,2002
missiles,Greece,2000,2005-2006
missiles,Greece,-2000,2002-2003
missiles,Greece,2001,2003-2004
missiles,Greece,-2002,2003
missiles,Greece,2004,2005
missiles,Greece,2005,2008-2018
missiles,Greece,-2007,2009-2011
missiles,Greece,2007,2009
missiles,Greece,2008,2009
missiles,Greece,-2010,2014-2015
missiles,Greece,-2010,2011-2012
missiles,Greece,-2011,2012
missiles,Hungary,-2004,2006-2007
missiles,Hungary,-2008,2009-2010
missiles,India,2010,2013-2017
missiles,India,2010,2013
missiles,India,-2011,2013-2016
missiles,India,2012,2014
missiles,India,-2013,2019
missiles,India,2015,2019
missiles,India,2015,2019
missiles,India,2016,2018
missiles,Indonesia,2013,2014-2015
missiles,Indonesia,2014,2017-2018
missiles,Indonesia,2017,2018
missiles,Iraq,2008,2009
missiles,Iraq,2008,2012-2013
missiles,Iraq,2011,2015
missiles,Iraq,-2011,2015-2016
missiles,Iraq,2011,2015
missiles,Iraq,-2011,2015
missiles,Iraq,2012,2013-2014
missiles,Iraq,-2013,2013-2014
missiles,Iraq,-2013,2016
missiles,Iraq,-2013,2016-2017
missiles,Iraq,-2013,2016-2017
missiles,Iraq,-2013,2016-2017
missiles,Iraq,2014,2015-2017
missiles,Iraq,2014,2014
missiles,Iraq,-2015,2016-2018
missiles,Ireland,2002,2006
missiles,Israel,1998,1998-2001
missiles,Israel,-1998,2001-2002
missiles,Israel,1999,2001-2002
missiles,Israel,-2000,2005-2006
missiles,Israel,2000,2000-2001
missiles,Israel,2001,2002-2003
missiles,Israel,2001,2003-2004
missiles,Israel,-2001,2002
missiles,Israel,2002,2003-2004
missiles,Israel,2002,2003-2004
missiles,Israel,2002,2003
missiles,Israel,-2004,2006
missiles,Israel,2004,2005
missiles,Israel,2004,2005-2006
missiles,Israel,2005,2006
missiles,Israel,2007,2009
missiles,Israel,2007,2007-2008
missiles,Israel,2008,2010-2012
missiles,Israel,2009,2010-2012
missiles,Israel,2010,2010
missiles,Israel,2012,2015-2017
missiles,Israel,2012,2013
missiles,Israel,2013,2014-2015
missiles,Israel,2014,2016-2019
missiles,Israel,2014,2015-2016
missiles,Israel,-2015,2018-2019
missiles,Israel,2015,2016
missiles,Israel,2016,2017-2018
missiles,Italy,1997,2000-2003
missiles,Italy,2001,2003-2004
missiles,Italy,-2002,2002-2003
missiles,Italy,-2005,2006-2007
missiles,Italy,2010,2015-2016
missiles,Italy,-2012,2014-2015
missiles,Japan,-1998,2001-2003
missiles,Japan,1998,2000
missiles,Japan,1999,2001
missiles,Japan,2000,2001
missiles,Japan,2001,2003
missiles,Japan,2001,2002-2003
missiles,Japan,2001,2003
missiles,Japan,-2001,2003
missiles,Japan,2002,2003-2004
missiles,Japan,-2002,2004
missiles,Japan,-2003,2006-2009
missiles,Japan,-2003,2005
missiles,Japan,-2004,2006
missiles,Japan,-2005,2006
missiles,Japan,-2005,2006-2017
missiles,Japan,2005,2006-2007
missiles,Japan,-2005,2007
missiles,Japan,-2006,2008
missiles,Japan,2008,2010
missiles,Japan,-2009,2010-2014
missiles,Japan,2011,2014
missiles,Japan,-2014,2016
missiles,Japan,2014,2016-2018
missiles,Japan,-2014,2015-2017
missiles,Jordan,2000,2001-2002
missiles,Jordan,2001,2002-2003
missiles,Jordan,2001,2004
missiles,Jordan,2002,2003-2004
missiles,Jordan,-2005,2007-2008
missiles,Jordan,2005,2006-2007
missiles,Jordan,2009,2013-2016
missiles,Jordan,2010,2012-2014
missiles,Jordan,2013,2014
missiles,Jordan,-2014,2014
missiles,Jordan,2014,2015
missiles,Jordan,2014,2014
missiles,Jordan,2014,2015-2016
missiles,Jordan,-2015,2018
missiles,Jordan,2015,2015
missiles,Jordan,2016,2016-2018
missiles,Jordan,2016,2017-2018
missiles,Jordan,2017,2018-2019
missiles,Kuwait,2002,2007
missiles,Kuwait,2002,2007
missiles,Kuwait,-2002,2003
missiles,Kuwait,-2008,2010-2012
missiles,Kuwait,-2008,2009-2011
missiles,Kuwait,2009,2010-2014
missiles,Kuwait,2009,2011
missiles,Kuwait,2011,2014-2015
missiles,Kuwait,-2013,2015
missiles,Kuwait,2013,2014-2015
missiles,Kuwait,2013,2015-2016
missiles,Kuwait,2014,2016
missiles,Kuwait,2016,2017
missiles,Lebanon,2008,2009
missiles,Lebanon,2014,2014
missiles,Lebanon,2014,2015
missiles,Lebanon,-2014,2015
missiles,Lebanon,-2015,2015
missiles,Lebanon,-2015,2015-2018
missiles,Lebanon,-2016,2017
missiles,Lebanon,2016,2019
missiles,Lebanon,-2017,2019
missiles,Lebanon,2017,2018-2019
missiles,Lithuania,2001,2003
missiles,Lithuania,2002,2007
missiles,Lithuania,2016,2017
missiles,Luxembourg,2002,2003
missiles,Malaysia,-2005,2007
missiles,Malaysia,-2005,2006-2007
missiles,Malaysia,2009,2011
missiles,Malaysia,2010,2011
missiles,Malaysia,2013,2015
missiles,Malaysia,2015,2016
missiles,Morocco,-2008,2011-2012
missiles,Morocco,-2009,2015-2016
missiles,Morocco,-2010,2013
missiles,Morocco,2012,2014-2015
missiles,Morocco,2012,2013
missiles,Morocco,2014,2015-2017
missiles,Morocco,2016,2017-2018
missiles,Morocco,-2016,2017
missiles,Morocco,2017,2018-2019
missiles,NATO**,2017,2018
missiles,Netherlands,1995,1996-2002
missiles,Netherlands,1997,1999-2000
missiles,Netherlands,-1998,2000
missiles,Netherlands,-1998,2002
missiles,Netherlands,-2002,2003-2005
missiles,Netherlands,2003,2003-2005
missiles,Netherlands,2004,2005-2006
missiles,Netherlands,2005,2006-2008
missiles,Netherlands,2005,2008
missiles,Netherlands,2005,2007-2009
missiles,Netherlands,-2006,2009
missiles,Netherlands,2008,2009-2010
missiles,Netherlands,2010,2012-2013
missiles,Netherlands,2010,2015-2019
missiles,Netherlands,2013,2016
missiles,Netherlands,2014,2016-2018
missiles,Netherlands,2015,2016
missiles,Netherlands,-2016,2018
missiles,Netherlands,-2017,2018-2019
missiles,New Zealand,2003,2006-2008
missiles,New Zealand,2014,2014
missiles,Norway,-2006,2008-2009
missiles,Norway,-2012,2014
missiles,Norway,-2014,2018
missiles,Norway,2014,2015-2016
missiles,Norway,-2015,2018
missiles,Oman,2001,2002-2003
missiles,Oman,-2002,2006
missiles,Oman,2002,2006
missiles,Oman,2002,2006
missiles,Oman,2003,2006
missiles,Oman,2003,2006
missiles,Oman,2004,2006-2007
missiles,Oman,2004,2005
missiles,Oman,-2005,2009
missiles,Oman,-2008,2010
missiles,Oman,-2013,2016-2017
missiles,Oman,2013,2014
missiles,Oman,2013,2014
missiles,Oman,2013,2014
missiles,Oman,2013,2016
missiles,Oman,2014,2016
missiles,Oman,2016,2017
missiles,Pakistan,-2001,2002
missiles,Pakistan,-2004,2006-2008
missiles,Pakistan,2005,2007
missiles,Pakistan,2005,2006-2007
missiles,Pakistan,-2006,2010-2011
missiles,Pakistan,-2006,2010
missiles,Pakistan,2007,2010-2014
missiles,Pakistan,2007,2010
missiles,Pakistan,-2007,2008-2011
missiles,Pakistan,2007,2009
missiles,Pakistan,-2010,2015
missiles,Philippines,2011,2011
missiles,Philippines,-2013,2017-2019
missiles,Poland,-1999,2000-2002
missiles,Poland,2003,2005
missiles,Poland,2004,2006-2007
missiles,Poland,2004,2007-2009
missiles,Poland,2004,2006
missiles,Poland,2004,2007
missiles,Poland,2007,2008-2009
missiles,Poland,2015,2017-2019
missiles,Poland,-2016,2018-2019
missiles,Poland,2016,2018-2019
missiles,Poland,-2017,2019
missiles,Portugal,-2002,2005-2006
missiles,Portugal,2004,2005
missiles,Portugal,-2004,2006
missiles,Portugal,-2007,2009
missiles,Portugal,-2016,2018
missiles,Qatar,-2014,2019
missiles,Qatar,2014,2016-2017
missiles,Qatar,2014,2015-2017
missiles,Qatar,2014,2016-2019
missiles,Qatar,-2015,2019
missiles,Qatar,2017,2018
missiles,Romania,-2013,2017-2018
missiles,Romania,2015,2017-2018
missiles,Romania,2017,2019
missiles,Saudi Arabia,2000,2003-2006
missiles,Saudi Arabia,2000,2001-2002
missiles,Saudi Arabia,2001,2002-2003
missiles,Saudi Arabia,2001,2002-2003
missiles,Saudi Arabia,2005,2006
missiles,Saudi Arabia,2005,2007
missiles,Saudi Arabia,2006,2008
missiles,Saudi Arabia,2008,2010-2011
missiles,Saudi Arabia,2009,2010
missiles,Saudi Arabia,-2009,2010-2011
missiles,Saudi Arabia,-2010,2011-2013
missiles,Saudi Arabia,-2011,2013-2014
missiles,Saudi Arabia,-2011,2018-2019
missiles,Saudi Arabia,-2011,2012-2019
missiles,Saudi Arabia,-2011,2013-2016
missiles,Saudi Arabia,2012,2016
missiles,Saudi Arabia,-2012,2016-2018
missiles,Saudi Arabia,2013,2015-2019
missiles,Saudi Arabia,2013,2014-2015
missiles,Saudi Arabia,-2013,2017-2019
missiles,Saudi Arabia,2014,2015-2016
missiles,Saudi Arabia,2014,2016-2018
missiles,Saudi Arabia,-2014,2015-2018
missiles,Saudi Arabia,2014,2015-2018
missiles,Saudi Arabia,2015,2017-2019
missiles,Saudi Arabia,2015,2016-2017
missiles,Saudi Arabia,2016,2018
missiles,Saudi Arabia,2017,2019
missiles,Singapore,-2000,2001
missiles,Singapore,-2000,2001
missiles,Singapore,-2001,2005
missiles,Singapore,2001,2002-2003
missiles,Singapore,-2003,2005
missiles,Singapore,2004,2006
missiles,Singapore,-2006,2009-2010
missiles,Singapore,-2006,2009
missiles,Singapore,-2007,2009-2012
missiles,Singapore,-2007,2009-2011
missiles,Singapore,-2008,2008-2010
missiles,Singapore,-2008,2013-2016
missiles,Singapore,-2008,2010-2012
missiles,Singapore,2009,2010
missiles,Singapore,2010,2011-2012
missiles,Singapore,-2012,2014
missiles,Singapore,2014,2016-2017
missiles,Singapore,2014,2015-2016
missiles,Singapore,-2014,2015-2016
missiles,Singapore,2015,2016-2017
missiles,South Africa,2010,2011-2012
missiles,South Korea,-1994,1998-2004
missiles,South Korea,-1995,1998-2005
missiles,South Korea,-2000,2000
missiles,South Korea,2000,2001-2002
missiles,South Korea,2000,2003-2005
missiles,South Korea,2001,2004
missiles,South Korea,-2001,2003
missiles,South Korea,2001,2004-2005
missiles,South Korea,-2002,2003
missiles,South Korea,2002,2005-2006
missiles,South Korea,-2003,2006-2008
missiles,South Korea,2003,2006
missiles,South Korea,2004,2006-2007
missiles,South Korea,2004,2005
missiles,South Korea,-2004,2007-2011
missiles,South Korea,-2004,2006-2008
missiles,South Korea,2006,2007-2008
missiles,South Korea,2006,2007
missiles,South Korea,2006,2008
missiles,South Korea,-2008,2011-2015
missiles,South Korea,-2008,2010-2011
missiles,South Korea,-2008,2010-2011
missiles,South Korea,2008,2010-2011
missiles,South Korea,2008,2011
missiles,South Korea,2008,2009-2015
missiles,South Korea,2009,2011
missiles,South Korea,2010,2012
missiles,South Korea,2011,2013
missiles,South Korea,2011,2013
missiles,South Korea,-2011,2011
missiles,South Korea,2011,2015
missiles,South Korea,2012,2012-2013
missiles,South Korea,2012,2013
missiles,South Korea,-2012,2016-2018
missiles,South Korea,2013,2016-2017
missiles,South Korea,-2013,2016-2017
missiles,South Korea,2013,2014
missiles,South Korea,2014,2015-2016
missiles,South Korea,-2014,2016-2018
missiles,South Korea,2014,2016
missiles,South Korea,2014,2016-2017
missiles,South Korea,-2015,2018
missiles,South Korea,2015,2016-2017
missiles,South Korea,2015,2017-2019
missiles,South Korea,2017,2018
missiles,South Korea,-2018,2019
missiles,Spain,-1996,1999-2000
missiles,Spain,1997,1999-2000
missiles,Spain,-1998,2000-2001
missiles,Spain,-1998,2001-2002
missiles,Spain,1999,2001
missiles,Spain,-1999,2000
missiles,Spain,2000,2002-2003
missiles,Spain,-2000,2001-2004
missiles,Spain,-2002,2004
missiles,Spain,2002,2003-2004
missiles,Spain,-2002,2006-2007
missiles,Spain,2006,2007
missiles,Spain,-2006,2013
missiles,Spain,-2007,2009
missiles,Spain,-2009,2009
missiles,Sweden,-2002,2006-2009
missiles,Sweden,2004,2005
missiles,Sweden,-2011,2016
missiles,Switzerland,2004,2007-2010
missiles,Switzerland,-2013,2016-2017
missiles,Taiwan,-1997,1999-2001
missiles,Taiwan,1997,1998-2001
missiles,Taiwan,1997,1998-2000
missiles,Taiwan,1998,2000-2001
missiles,Taiwan,-1998,2000
missiles,Taiwan,1999,2001
missiles,Taiwan,1999,2001
missiles,Taiwan,1999,1999-2000
missiles,Taiwan,2000,2001-2003
missiles,Taiwan,2000,2000-2005
missiles,Taiwan,-2000,2001
missiles,Taiwan,-2001,2003
missiles,Taiwan,2001,2002
missiles,Taiwan,2002,2003-2004
missiles,Taiwan,-2002,2005
missiles,Taiwan,2003,2005-2006
missiles,Taiwan,-2003,2005-2006
missiles,Taiwan,-2003,2005-2006
missiles,Taiwan,-2004,2007-2008
missiles,Taiwan,2004,2005
missiles,Taiwan,2005,2007
missiles,Taiwan,2005,2006
missiles,Taiwan,-2007,2013-2014
missiles,Taiwan,-2008,2013-2016
missiles,Taiwan,2008,2010-2012
missiles,Taiwan,2008,2010-2012
missiles,Taiwan,2009,2011-2012
missiles,Taiwan,2009,2011
missiles,Taiwan,2009,2012-2014
missiles,Taiwan,2009,2012
missiles,Taiwan,2009,2011-2014
missiles,Taiwan,-2010,2012-2014
missiles,Taiwan,-2010,2015
missiles,Taiwan,-2016,2018-2019
missiles,Taiwan,-2017,2019
missiles,Taiwan,2017,2019
missiles,Thailand,-2001,2003
missiles,Thailand,-2013,2015
missiles,Thailand,2014,2016-2017
missiles,Thailand,-2015,2017-2018
missiles,Thailand,-2016,2018
missiles,Thailand,2017,2018
missiles,Tunisia,-1998,2002
missiles,Tunisia,-2005,2006
missiles,Tunisia,2015,2017
missiles,Turkey,-1990,1991-2005
missiles,Turkey,-1993,1997-2001
missiles,Turkey,-1993,1998-2000
missiles,Turkey,-1994,1996-2000
missiles,Turkey,1995,2002
missiles,Turkey,-1996,1998-2003
missiles,Turkey,1999,2000-2001
missiles,Turkey,2000,2001-2002
missiles,Turkey,2002,2003-2004
missiles,Turkey,-2002,2005
missiles,Turkey,2005,2007-2009
missiles,Turkey,2006,2007-2008
missiles,Turkey,2006,2011
missiles,Turkey,2006,2008
missiles,Turkey,2006,2007-2008
missiles,Turkey,-2007,2011-2019
missiles,Turkey,-2008,2013-2014
missiles,Turkey,2008,2011
missiles,Turkey,2009,2012-2014
missiles,Turkey,2011,2013
missiles,Turkey,2012,2013
missiles,Turkey,-2014,2016-2019
missiles,Turkey,2014,2015-2016
missiles,Turkey,2015,2017-2018
missiles,Turkey,-2016,2016-2017
missiles,Turkey,2017,2018
missiles,UAE,-1998,1999-2004
missiles,UAE,1998,1998-2001
missiles,UAE,2001,2006-2007
missiles,UAE,-2002,2005
missiles,UAE,-2002,2005
missiles,UAE,-2002,2003-2007
missiles,UAE,2002,2004-2006
missiles,UAE,-2003,2004-2007
missiles,UAE,2003,2006
missiles,UAE,-2003,2005
missiles,UAE,2004,2005
missiles,UAE,2006,2015
missiles,UAE,-2007,2008-2009
missiles,UAE,2007,2011-2016
missiles,UAE,2008,2009-2010
missiles,UAE,-2008,2011-2012
missiles,UAE,2008,2011-2012
missiles,UAE,2008,2012-2014
missiles,UAE,-2008,2012-2014
missiles,UAE,-2008,2010-2013
missiles,UAE,2009,2012-2013
missiles,UAE,2009,2013-2014
missiles,UAE,2010,2011-2013
missiles,UAE,-2010,2011-2012
missiles,UAE,-2011,2013
missiles,UAE,2012,2015-2019
missiles,UAE,2013,2015-2018
missiles,UAE,-2014,2015-2019
missiles,UAE,2014,2015-2016
missiles,UAE,2015,2017
missiles,UAE,2015,2017-2018
missiles,UAE,-2016,2017-2018
missiles,UAE,-2016,2018
missiles,UAE,2016,2018-2019
missiles,UAE,2017,2018
missiles,UAE,2017,2018
missiles,UAE,2017,2019
missiles,UAE,2017,2018-2019
missiles,UAE,2018,2019
missiles,United Kingdom,-1982,1993-2004
missiles,United Kingdom,-1997,2000
missiles,United Kingdom,1999,2001-2002
missiles,United Kingdom,2000,2000-2001
missiles,United Kingdom,-2000,2001
missiles,United Kingdom,2001,2003-2004
missiles,United Kingdom,2001,2002-2003
missiles,United Kingdom,2002,2003
missiles,United Kingdom,2004,2006
missiles,United Kingdom,2004,2007-2011
missiles,United Kingdom,-2006,2007
missiles,United Kingdom,2007,2008-2012
missiles,United Kingdom,2007,2008-2009
missiles,United Kingdom,2012,2013
missiles,United Kingdom,2013,2013
missiles,United Kingdom,2013,2015
missiles,United Kingdom,2014,2016
missiles,United Kingdom,2015,2016
missiles,United Kingdom,2015,2016-2017
naval weapons,Japan,2003,2007-2008
naval weapons,South Korea,1999,2003-2005
naval weapons,Australia,-1989,1996-2006
naval weapons,Australia,-2002,2006-2008
naval weapons,Australia,2006,2017-2018
naval weapons,Australia,-2010,2017-2018
naval weapons,Australia,-2014,2015-2019
naval weapons,Chile,2001,2001
naval weapons,Denmark,2002,2004-2005
naval weapons,Denmark,-2006,2012-2014
naval weapons,Ecuador,-2009,2010
naval weapons,Egypt,2001,2004-2006
naval weapons,Germany,1996,2004-2005
naval weapons,Greece,2002,2004
naval weapons,Japan,-1993,1996-2007
naval weapons,Japan,-1998,2000
naval weapons,Japan,-1998,2003-2006
naval weapons,Japan,-2002,2007-2008
naval weapons,Japan,-2004,2009-2011
naval weapons,Japan,-2007,2012-2014
naval weapons,Japan,-2007,2012-2014
naval weapons,Japan,-2007,2012-2014
naval weapons,Japan,2011,2015-2017
naval weapons,Japan,-2013,2018-2019
naval weapons,Japan,-2013,2018-2019
naval weapons,Japan,-2013,2018-2019
naval weapons,Netherlands,-1995,2002-2005
naval weapons,Norway,-2000,2006-2011
naval weapons,South Korea,-1999,2003-2008
naval weapons,South Korea,2002,2008-2012
naval weapons,South Korea,-2002,2008-2012
naval weapons,South Korea,-2009,2013-2016
naval weapons,South Korea,2011,2013-2016
naval weapons,South Korea,-2012,2018
naval weapons,South Korea,-2012,2018
naval weapons,South Korea,2014,2018
naval weapons,Spain,-1996,2002-2006
naval weapons,Spain,1999,2002-2012
naval weapons,Spain,2006,2012
naval weapons,Taiwan,-2011,2014
naval weapons,Thailand,-2013,2018
naval weapons,Thailand,-2013,2018
naval weapons,Turkey,-1994,1998-2000
naval weapons,Turkey,-1994,1998-2000
naval weapons,Turkey,-2005,2013-2014
naval weapons,Turkey,-2011,2017-2018
naval weapons,Turkey,-2015,2017-2018
naval weapons,United Kingdom,2006,2008-2010
naval weapons,United Kingdom,2012,2015-2017
other,Australia,1998,2003-2005
other,Canada,-1997,1998-2002
other,Colombia,2013,2014
other,Kuwait,-2010,2013-2014
other,Malaysia,2000,2002-2003
other,Netherlands,2007,2007
other,New Zealand,2001,2003-2004
other,Saudi Arabia,2006,2006-2009
other,Saudi Arabia,-2009,2011-2013
other,Saudi Arabia,-2009,2011-2015
ships,Egypt,2014,2016-2017
ships,Egypt,2016,2017-2018
ships,Taiwan,1989,1993-2004
ships,Bahamas,1997,2000
ships,Bahrain,2018,2020
ships,Bangladesh,2013,2013
ships,Bangladesh,2014,2015
ships,Chile,2009,2010
ships,Colombia,2003,2003
ships,Colombia,-2007,2007
ships,Dominican Republic,2000,2001
ships,Dominican Republic,2002,2003-2004
ships,Dominican Republic,2004,2004
ships,Egypt,2004,2006-2007
ships,Egypt,-2005,2007
ships,Egypt,2006,2013-2015
ships,Egypt,2008,2010
ships,Egypt,2010,2015
ships,Egypt,2011,2014
ships,Egypt,2016,2019
ships,El Salvador,-2002,2002
ships,Georgia,2015,2017
ships,Ghana,2000,2001
ships,Greece,-2005,2007
ships,India,2006,2007
ships,Iraq,2009,2010-2012
ships,Iraq,2010,2012
ships,Iraq,2011,2013
ships,Japan,1994,1997-2002
ships,Kuwait,2009,2011-2013
ships,Lebanon,2010,2012
ships,Mexico,1998,2000
ships,Mexico,2000,2001-2002
ships,Mexico,-2001,2001
ships,Nigeria,2001,2002-2003
ships,Nigeria,2011,2011
ships,Nigeria,-2013,2014
ships,Pakistan,2010,2011
ships,Pakistan,2016,2017
ships,Philippines,-2001,2004
ships,Philippines,2011,2011
ships,Philippines,2012,2013
ships,Philippines,-2015,2016
ships,Poland,1999,2000-2002
ships,Sri Lanka,2004,2004
ships,Sri Lanka,2018,2018
ships,Taiwan,1999,2000
ships,Taiwan,-1999,1999-2000
ships,Taiwan,-2003,2005-2006
ships,Taiwan,-2007,2012
ships,Taiwan,2015,2017
ships,Trinidad and Tobago,2007,2007
ships,Turkey,1998,1999-2000
ships,Turkey,2000,2000
ships,Turkey,2001,2002
ships,Turkey,2002,2003
ships,Ukraine,2018,2018
ships,Viet Nam,2016,2017